airline_name,source,destination,date_of_journey,departure_time,arrival_time,duration,total_ s,route,target_variable_price
 GoAir,DEL,BOM,07-Jun,06:00,08:10,2h 10,0,,5460
 GoAir,DEL,BOM,07-Jun,02:40,04:50,2h 10,0,,5460
 GoAir,DEL,BOM,07-Jun,20:45,22:55,2h 10,0,,5460
 GoAir,DEL,BOM,07-Jun,07:00,09:15,2h 15,0,,5460
 AirAsia India,DEL,BOM,07-Jun,13:00,14:50,1h 50,0,,6918
 Vistara,DEL,BOM,07-Jun,06:00,08:00,2h,0,,6902
 GoAir,DEL,BOM,07-Jun,14:00,16:10,2h 10,0,,6426
 IndiGo,DEL,BOM,07-Jun,23:35,01:40,2h 05,0,,6895
 GoAir,DEL,BOM,07-Jun,22:45,01:00,2h 15,0,,6426
 GoAir,DEL,BOM,07-Jun,09:00,11:15,2h 15,0,,6426
 GoAir,DEL,BOM,07-Jun,18:45,21:00,2h 15,0,,6426
 GoAir,DEL,BOM,07-Jun,15:45,18:00,2h 15,0,,6426
 IndiGo,DEL,BOM,07-Jun,11:55,13:55,2h,0,,7283
 IndiGo,DEL,BOM,07-Jun,05:30,07:40,2h 10,0,,6895
 AirAsia India,DEL,BOM,07-Jun,04:25,06:35,2h 10,0,,6918
 IndiGo,DEL,BOM,07-Jun,07:20,09:25,2h 05,0,,7283
 IndiGo,DEL,BOM,07-Jun,10:45,12:50,2h 05,0,,7283
 IndiGo,DEL,BOM,07-Jun,17:00,19:05,2h 05,0,,7283
 IndiGo,DEL,BOM,07-Jun,06:30,08:35,2h 05,0,,7283
 SpiceJet,DEL,BOM,07-Jun,19:45,22:00,2h 15,0,,6755
 SpiceJet,DEL,BOM,07-Jun,07:20,09:35,2h 15,0,,6755
 SpiceJet,DEL,BOM,07-Jun,21:40,23:55,2h 15,0,,6755
 SpiceJet,DEL,BOM,07-Jun,18:55,21:10,2h 15,0,,6755
 Vistara,DEL,BOM,07-Jun,09:30,11:35,2h 05,0,,7332
 Vistara,DEL,BOM,07-Jun,14:20,16:30,2h 10,0,,7187
 Vistara,DEL,BOM,07-Jun,21:30,23:30,2h,0,,7795
 IndiGo,DEL,BOM,07-Jun,15:25,17:35,2h 10,0,,7283
 IndiGo,DEL,BOM,07-Jun,14:10,16:20,2h 10,0,,7283
 IndiGo,DEL,BOM,07-Jun,16:15,18:25,2h 10,0,,7283
 Vistara,DEL,BOM,07-Jun,12:50,15:00,2h 10,0,,7366
 Vistara,DEL,BOM,07-Jun,15:30,17:40,2h 10,0,,7366
 GoAir,DEL,BOM,07-Jun,20:55,23:25,2h 30,0,,6426
 Air India,DEL,BOM,07-Jun,07:00,09:05,2h 05,0,,7748
 IndiGo,DEL,BOM,07-Jun,18:10,20:25,2h 15,0,,7283
 IndiGo,DEL,BOM,07-Jun,08:45,11:00,2h 15,0,,7283
 Vistara,DEL,BOM,07-Jun,10:20,12:35,2h 15,0,,7366
 Vistara,DEL,BOM,07-Jun,08:50,11:10,2h 20,0,,7187
 Vistara,DEL,BOM,07-Jun,11:40,14:00,2h 20,0,,7187
 Air India,DEL,BOM,07-Jun,20:00,22:10,2h 10,0,,7748
 Air India,DEL,BOM,07-Jun,08:00,10:10,2h 10,0,,7748
 Vistara,DEL,BOM,07-Jun,19:45,21:55,2h 10,0,,7795
 IndiGo,DEL,BOM,07-Jun,08:00,10:20,2h 20,0,,7283
 Vistara,DEL,BOM,07-Jun,18:55,21:15,2h 20,0,,7300
 Vistara,DEL,BOM,07-Jun,17:45,20:05,2h 20,0,,7300
 Vistara,DEL,BOM,07-Jun,16:45,19:05,2h 20,0,,7366
 Air India,DEL,BOM,07-Jun,14:00,16:15,2h 15,0,,7748
 Air India,DEL,BOM,07-Jun,19:00,21:15,2h 15,0,,7748
 IndiGo,DEL,BOM,07-Jun,21:45,00:10,2h 25,0,,7283
 IndiGo,DEL,BOM,07-Jun,09:35,12:00,2h 25,0,,7283
 Vistara,DEL,BOM,07-Jun,20:40,22:50,2h 10,0,,8320
 Air India,DEL,BOM,07-Jun,21:15,23:35,2h 20,0,,7748
 Vistara,DEL,BOM,07-Jun,07:30,09:45,2h 15,0,,8320
 IndiGo,DEL,BOM,07-Jun,19:45,21:55,2h 10,0,,9015
 Air India,DEL,BOM,07-Jun,10:00,12:35,2h 35,0,,7748
 Novaturas,DEL,BOM,07-Jun,20:45,22:55,2h 10,0,,10225
 Novaturas,DEL,BOM,07-Jun,06:00,08:10,2h 10,0,,10225
 Novaturas,DEL,BOM,07-Jun,02:40,04:50,2h 10,0,,10225
 Novaturas,DEL,BOM,07-Jun,18:45,21:00,2h 15,0,,10225
 Novaturas,DEL,BOM,07-Jun,07:00,09:15,2h 15,0,,10225
 Novaturas,DEL,BOM,07-Jun,09:00,11:15,2h 15,0,,10225
 Novaturas,DEL,BOM,07-Jun,15:45,18:00,2h 15,0,,10225
 Novaturas,DEL,BOM,07-Jun,22:45,01:00,2h 15,0,,10225
 Air India,DEL,BOM,07-Jun,15:05,18:10,3h 05,1, IDR,7748
 Novaturas,DEL,BOM,07-Jun,20:55,23:25,2h 30,0,,10225
 Air India,DEL,BOM,07-Jun,17:55,22:10,4h 15,1, IXU,7748
 Hahn Air Systems,DEL,BOM,07-Jun,07:20,09:35,2h 15,0,,18959
 Hahn Air Systems,DEL,BOM,07-Jun,21:40,23:55,2h 15,0,,18959
 Hahn Air Systems,DEL,BOM,07-Jun,18:55,21:10,2h 15,0,,18959
 Hahn Air Systems,DEL,BOM,07-Jun,19:45,22:00,2h 15,0,,18959
 GoAir,DEL,BOM,07-Jun,05:20,10:45,5h 25,1, SXR,7903
 GoAir,DEL,BOM,07-Jun,11:30,17:10,5h 40,1, PAT,7903
 AirAsia India,DEL,BOM,07-Jun,18:45,00:20,5h 35,1, BLR,8131
 GoAir,DEL,BOM,07-Jun,06:05,10:20,4h 15,1, AMD,10693
 GoAir,DEL,BOM,07-Jun,09:55,15:55,6h,1, LKO,7903
 SpiceJet,DEL,BOM,07-Jun,15:30,21:45,6h 15,1, VNS,7631
 Air India,DEL,BOM,07-Jun,05:15,09:20,4h 05,1, NAG,11684
 Vistara,DEL,BOM,07-Jun,18:10,23:05,4h 55,1, AMD,9880
 SpiceJet,DEL,BOM,07-Jun,11:30,18:00,6h 30,1, DBR,7631
 AirAsia India,DEL,BOM,07-Jun,12:50,19:15,6h 25,1, GOI,7842
 SpiceJet,DEL,BOM,07-Jun,12:05,18:50,6h 45,1, GOI,7631
 IndiGo,DEL,BOM,07-Jun,06:30,11:20,4h 50,1, AMD,10832
 IndiGo,DEL,BOM,07-Jun,17:50,22:10,4h 20,1, IDR,12103
 AirAsia India,DEL,BOM,07-Jun,07:25,14:05,6h 40,1, IXR,8075
 IndiGo,DEL,BOM,07-Jun,00:15,05:30,5h 15,1, AMD,10365
 IndiGo,DEL,BOM,07-Jun,05:20,10:35,5h 15,1, IDR,11368
 IndiGo,DEL,BOM,07-Jun,11:15,16:55,5h 40,1, NAG,10832
 IndiGo,DEL,BOM,07-Jun,19:35,00:20,4h 45,1, AMD,13100
 IndiGo,DEL,BOM,07-Jun,05:45,12:50,7h 05,1, BHO,8832
 GoAir,DEL,BOM,07-Jun,20:05,02:00,5h 55,1, AMD,10693
 IndiGo,DEL,BOM,07-Jun,09:50,15:45,5h 55,1, AMD,10832
 Vistara,DEL,BOM,07-Jun,13:20,18:20,5h,1, VNS,13011
 IndiGo,DEL,BOM,07-Jun,17:00,00:05,7h 05,1, BHO,9320
 IndiGo,DEL,BOM,07-Jun,08:30,15:55,7h 25,1, JAI,8942
 IndiGo,DEL,BOM,07-Jun,04:45,11:20,6h 35,1, AMD,10260
 AirAsia India,DEL,BOM,07-Jun,10:40,19:15,8h 35,1, GOI,8052
 SpiceJet,DEL,BOM,07-Jun,19:55,05:15,9h 20,1, GOI,7631
 IndiGo,DEL,BOM,07-Jun,05:05,13:20,8h 15,1, BDQ,8653
 Vistara,DEL,BOM,07-Jun,17:10,22:20,5h 10,1, IXC,14082
 IndiGo,DEL,BOM,07-Jun,17:20,00:20,7h,1, AMD,10832
 Air India,DEL,BOM,07-Jun,10:15,15:40,5h 25,1, VNS,14064
 IndiGo,DEL,BOM,07-Jun,07:20,13:45,6h 25,1, RAJ,11919
 Air India,DEL,BOM,07-Jun,10:45,16:35,5h 50,1, GOI,13518
 Vistara,DEL,BOM,07-Jun,21:20,06:15,8h 55,1, AMD,8864
 Vistara,DEL,BOM,07-Jun,06:15,12:00,5h 45,1, BLR,13789
 IndiGo,DEL,BOM,07-Jun,13:35,19:40,6h 05,1, AMD,13110
 Vistara,DEL,BOM,07-Jun,17:50,23:30,5h 40,1, BBI,14108
 IndiGo,DEL,BOM,07-Jun,05:15,13:15,8h,1, NAG,10260
 GoAir,DEL,BOM,07-Jun,21:40,08:10,10h 30,1, CCU,7903
 AirAsia India,DEL,BOM,07-Jun,21:40,07:15,9h 35,1, BLR,8974
 Vistara,DEL,BOM,07-Jun,16:05,21:50,5h 45,1, BLR,14981
 Air India,DEL,BOM,07-Jun,11:10,17:15,6h 05,1, BBI,14338
 Vistara,DEL,BOM,07-Jun,07:30,13:00,5h 30,1, CCU,15896
 IndiGo,DEL,BOM,07-Jun,10:10,17:25,7h 15,1, IDR,12082
 IndiGo,DEL,BOM,07-Jun,07:20,15:55,8h 35,1, JAI,10242
 Vistara,DEL,BOM,07-Jun,14:15,20:15,6h,1, BLR,15040
 IndiGo,DEL,BOM,07-Jun,13:00,21:50,8h 50,1, JAI,10243
 Vistara,DEL,BOM,07-Jun,17:35,23:00,5h 25,1, HYD,16720
 GoAir,DEL,BOM,07-Jun,20:50,08:20,11h 30,1, LKO,7903
 IndiGo,DEL,BOM,07-Jun,21:05,07:10,10h 05,1, JAI,9041
 Vistara,DEL,BOM,07-Jun,17:30,23:30,6h,1, CCU,15523
 Vistara,DEL,BOM,07-Jun,17:35,23:25,5h 50,1, BLR,16046
 IndiGo,DEL,BOM,07-Jun,22:15,05:30,7h 15,1, AMD,12972
 SpiceJet,DEL,BOM,07-Jun,09:50,16:10,6h 20,1, SXR,15246
 SpiceJet,DEL,BOM,07-Jun,06:25,13:35,7h 10,1, SXR,13576
 GoAir,DEL,BOM,07-Jun,10:40,18:40,8h,1, GOI,12169
 GoAir,DEL,BOM,07-Jun,12:50,20:55,8h 05,1, IXR,12246
 AirAsia India,DEL,BOM,07-Jun,20:00,07:05,11h 05,1, GOI,8974
 AirAsia India,DEL,BOM,07-Jun,09:35,20:40,11h 05,1, BLR,8974
 Vistara,DEL,BOM,07-Jun,14:10,19:00,4h 50,1, SXR,21078
 Vistara,DEL,BOM,07-Jun,05:55,15:50,9h 55,1, IDR,10394
 SpiceJet,DEL,BOM,07-Jun,09:25,16:10,6h 45,1, SXR,16245
 SpiceJet,DEL,BOM,07-Jun,20:00,10:30,14h 30,1, JAI,7631
 AirAsia India,DEL,BOM,07-Jun,05:10,19:15,14h 05,1, GOI,8052
 AirAsia India,DEL,BOM,07-Jun,22:20,12:25,14h 05,1, JAI,8075
 SpiceJet,DEL,BOM,07-Jun,08:45,23:55,15h 10,1, MAA,7631
 IndiGo,DEL,BOM,07-Jun,20:55,07:25,10h 30,1, NAG,11141
 Vistara,DEL,BOM,07-Jun,07:05,14:30,7h 25,1, HYD,16720
 GoAir,DEL,BOM,07-Jun,08:45,17:45,9h,1, VNS,14667
 Air India,DEL,BOM,07-Jun,22:00,08:05,10h 05,1, GOI,13236
 Air India,DEL,BOM,07-Jun,05:20,16:25,11h 05,2," RPR, VTZ",12274
 GoAir,DEL,BOM,07-Jun,05:00,14:20,9h 20,1, ATQ,14773
 Vistara,DEL,BOM,07-Jun,14:45,23:00,8h 15,1, HYD,17085
 SpiceJet,DEL,BOM,07-Jun,18:55,13:40,18h 45,1, PAT,7631
 Vistara,DEL,BOM,07-Jun,13:45,22:35,8h 50,1, MAA,16447
 SpiceJet,DEL,BOM,07-Jun,05:45,18:20,12h 35,1, RAJ,11567
 SpiceJet,DEL,BOM,07-Jun,06:25,21:45,15h 20,1, VNS,9717
 Vistara,DEL,BOM,07-Jun,07:00,14:30,7h 30,1, MAA,19980
 Air India,DEL,BOM,07-Jun,12:50,19:15,6h 25,1, RAJ,24980
 Vistara,DEL,BOM,07-Jun,06:30,23:05,16h 35,1, AMD,9839
 Air India,DEL,BOM,07-Jun,14:30,22:40,8h 10,1, TRV,20620
 GoAir,DEL,BOM,07-Jun,20:55,07:25,10h 30,1, HYD,16200
 Air India,DEL,BOM,07-Jun,21:15,08:35,11h 20,1, BLR,15250
 Vistara,DEL,BOM,07-Jun,10:20,23:30,13h 10,1, BBI,13246
 Air India,DEL,BOM,07-Jun,10:45,00:35,13h 50,1, GOI,13236
 Vistara,DEL,BOM,07-Jun,20:40,08:15,11h 35,1, BLR,15890
 Vistara,DEL,BOM,07-Jun,20:35,08:40,12h 05,1, HYD,15304
 GoAir,DEL,BOM,07-Jun,20:30,10:05,13h 35,1, BLR,13749
 Hahn Air Systems,DEL,BOM,07-Jun,14:00,18:55,4h 55,1, DBR,40114
 Air India,DEL,BOM,07-Jun,09:45,21:05,11h 20,1, BLR,17455
 Vistara,DEL,BOM,07-Jun,07:30,20:20,12h 50,1, CCU,15523
 Air India,DEL,BOM,07-Jun,16:50,23:50,7h,1, HYD,28902
 Vistara,DEL,BOM,07-Jun,07:00,23:30,16h 30,1, BBI,12399
 Air India,DEL,BOM,07-Jun,21:15,11:35,14h 20,1, ATQ,14344
 Vistara,DEL,BOM,07-Jun,19:55,09:00,13h 05,1, MAA,16300
 Air India,DEL,BOM,07-Jun,07:10,23:50,16h 40,1, HYD,13006
 Air India,DEL,BOM,07-Jun,05:55,18:00,12h 05,1, MAA,18035
 SpiceJet,DEL,BOM,07-Jun,16:55,10:35,17h 40,1, JLR,12340
 Vistara,DEL,BOM,07-Jun,17:10,11:15,18h 05,1, IXC,12328
 AirAsia India,DEL,BOM,07-Jun,06:05,21:20,15h 15,2," VTZ, BLR",14889
 Air India,DEL,BOM,07-Jun,06:10,21:05,14h 55,1, BLR,15250
 Air India,DEL,BOM,07-Jun,06:50,20:15,13h 25,1, CCU,17239
 Vistara,DEL,BOM,07-Jun,19:50,08:15,12h 25,1, BLR,18985
 Vistara,DEL,BOM,07-Jun,19:55,11:40,15h 45,1, MAA,15677
 AirAsia India,DEL,BOM,07-Jun,08:10,00:20,16h 10,1, BLR,15616
 Air India,DEL,BOM,07-Jun,08:40,09:40,25h,1, BHO,10313
 Vistara,DEL,BOM,07-Jun,20:30,13:00,16h 30,1, CCU,15677
 Air India,DEL,BOM,07-Jun,20:15,12:20,16h 05,1, CCU,16452
 Vistara,DEL,BOM,07-Jun,13:20,16:00,26h 40,1, UDR,10264
 Vistara,DEL,BOM,07-Jun,18:40,14:45,20h 05,1, GOI,13718
 Air India,DEL,BOM,07-Jun,16:45,12:05,19h 20,1, PAT,14305
 Air India,DEL,BOM,07-Jun,09:45,18:00,8h 15,1, MAA,37685
 Air India,DEL,BOM,07-Jun,17:15,08:35,15h 20,1, BLR,21355
 SpiceJet,DEL,BOM,07-Jun,16:35,13:35,21h,1, SXR,15648
 SpiceJet,DEL,BOM,07-Jun,14:50,13:35,22h 45,1, SXR,14532
 Hahn Air Systems,DEL,BOM,07-Jun,09:50,16:00,6h 10,1, KNU,56240
 Hahn Air Systems,DEL,BOM,07-Jun,15:30,21:45,6h 15,1, VNS,57986
 Hahn Air Systems,DEL,BOM,07-Jun,13:05,19:25,6h 20,1, IXB,60820
 Hahn Air Systems,DEL,BOM,07-Jun,06:00,12:45,6h 45,1, IXG,57621
 Hahn Air Systems,DEL,BOM,07-Jun,12:05,18:50,6h 45,1, GOI,58498
 Hahn Air Systems,DEL,BOM,07-Jun,11:30,18:00,6h 30,1, DBR,61299
 Hahn Air Systems,DEL,BOM,07-Jun,18:35,01:20,6h 45,1, CCU,60545
 Hahn Air Systems,DEL,BOM,07-Jun,06:25,13:35,7h 10,1, SXR,59112
 Air India,DEL,BOM,07-Jun,21:30,23:50,26h 20,1, HYD,16175
 Air India,DEL,BOM,07-Jun,15:00,16:25,25h 25,1, VTZ,16905
 Air India,DEL,BOM,07-Jun,16:55,10:10,17h 15,1, COK,25333
 Air India,DEL,BOM,07-Jun,05:45,08:55,27h 10,2," CNN, CCJ",16405
 Hahn Air Systems,DEL,BOM,07-Jun,06:30,14:30,8h,1, IXB,60820
 Vistara,DEL,BOM,07-Jun,08:05,20:15,12h 10,1, BLR,43951
 Hahn Air Systems,DEL,BOM,07-Jun,19:55,05:15,9h 20,1, GOI,58498
 Vistara,DEL,BOM,07-Jun,11:45,16:15,28h 30,1, CJB,20395
 Emirates,DEL,BOM,07-Jun,04:15,14:10,9h 55,1, DXB,59449
 Hahn Air Systems,DEL,BOM,07-Jun,05:45,18:20,12h 35,1, RAJ,57442
 Hahn Air Systems,DEL,BOM,07-Jun,20:00,10:30,14h 30,1, JAI,55530
 Singapore Airlines,DEL,BOM,07-Jun,21:55,10:30,12h 35,1, SIN,65688
 Hahn Air Systems,DEL,BOM,07-Jun,08:45,23:55,15h 10,1, MAA,60545
 Hahn Air Systems,DEL,BOM,07-Jun,07:00,21:45,14h 45,2," DED, VNS",76931
 Singapore Airlines,DEL,BOM,07-Jun,09:00,22:10,13h 10,1, SIN,90891
 GoAir,BOM,CCU,07-Jun,21:50,00:30,2h 40,0,,6899
 Vistara,BOM,CCU,07-Jun,07:00,09:40,2h 40,0,,7735
 SpiceJet,BOM,CCU,07-Jun,06:10,08:55,2h 45,0,,7623
 SpiceJet,BOM,CCU,07-Jun,20:50,23:35,2h 45,0,,7623
 GoAir,BOM,CCU,07-Jun,05:25,08:30,3h 05,0,,6899
 Vistara,BOM,CCU,07-Jun,14:05,16:55,2h 50,0,,7719
 Vistara,BOM,CCU,07-Jun,17:20,19:55,2h 35,0,,8444
 IndiGo,BOM,CCU,07-Jun,07:50,10:20,2h 30,0,,8643
 IndiGo,BOM,CCU,07-Jun,09:50,12:25,2h 35,0,,8643
 IndiGo,BOM,CCU,07-Jun,17:35,20:10,2h 35,0,,8643
 Air India,BOM,CCU,07-Jun,21:05,23:50,2h 45,0,,8564
 Air India,BOM,CCU,07-Jun,06:00,08:50,2h 50,0,,8564
 IndiGo,BOM,CCU,07-Jun,12:55,15:40,2h 45,0,,8643
 IndiGo,BOM,CCU,07-Jun,06:25,09:10,2h 45,0,,8643
 IndiGo,BOM,CCU,07-Jun,19:25,22:20,2h 55,0,,8643
 GoAir,BOM,CCU,07-Jun,05:50,08:30,2h 40,0,,9305
 Flexflight,BOM,CCU,07-Jun,05:50,08:30,2h 40,0,,11261
 IndiGo,BOM,CCU,07-Jun,17:30,22:30,5h,1, HYD,8643
 GoAir,BOM,CCU,07-Jun,18:00,23:55,5h 55,1, DEL,8576
 IndiGo,BOM,CCU,07-Jun,13:55,19:25,5h 30,1, IXR,8643
 Flexflight,BOM,CCU,07-Jun,21:50,00:30,2h 40,0,,11634
 IndiGo,BOM,CCU,07-Jun,17:10,22:40,5h 30,1, RPR,8643
 IndiGo,BOM,CCU,07-Jun,11:10,17:15,6h 05,1, HYD,8643
 IndiGo,BOM,CCU,07-Jun,12:20,18:30,6h 10,1, RPR,8643
 Hahn Air Systems,BOM,CCU,07-Jun,06:10,08:55,2h 45,0,,20311
 Hahn Air Systems,BOM,CCU,07-Jun,20:50,23:35,2h 45,0,,20311
 IndiGo,BOM,CCU,07-Jun,15:00,21:40,6h 40,1, IDR,8643
 IndiGo,BOM,CCU,07-Jun,16:05,22:30,6h 25,1, HYD,9233
 IndiGo,BOM,CCU,07-Jun,07:15,13:20,6h 05,1, HYD,9923
 IndiGo,BOM,CCU,07-Jun,06:05,13:20,7h 15,1, HYD,8643
 IndiGo,BOM,CCU,07-Jun,15:45,23:15,7h 30,1, BBI,8643
 AirAsia India,BOM,CCU,07-Jun,18:10,02:05,7h 55,1, BLR,8405
 Vistara,BOM,CCU,07-Jun,12:25,18:05,5h 40,1, DEL,12155
 SpiceJet,BOM,CCU,07-Jun,00:35,09:05,8h 30,1, DEL,8416
 Vistara,BOM,CCU,07-Jun,17:35,22:45,5h 10,1, DEL,13847
 IndiGo,BOM,CCU,07-Jun,09:10,17:30,8h 20,1, PAT,8643
 Vistara,BOM,CCU,07-Jun,11:55,18:05,6h 10,1, DEL,12110
 Air India,BOM,CCU,07-Jun,05:25,10:40,5h 15,1, MAA,14259
 IndiGo,BOM,CCU,07-Jun,09:00,17:15,8h 15,1, HYD,9233
 IndiGo,BOM,CCU,07-Jun,21:35,06:50,9h 15,1, BBI,8643
 GoAir,BOM,CCU,07-Jun,22:30,07:50,9h 20,1, DEL,8576
 IndiGo,BOM,CCU,07-Jun,19:55,05:15,9h 20,1, HYD,8643
 GoAir,BOM,CCU,07-Jun,15:20,23:55,8h 35,1, DEL,9760
 Vistara,BOM,CCU,07-Jun,15:45,22:45,7h,1, DEL,12228
 IndiGo,BOM,CCU,07-Jun,07:15,17:15,10h,1, HYD,9233
 Air India,BOM,CCU,07-Jun,16:00,22:25,6h 25,1, DEL,15294
 Vistara,BOM,CCU,07-Jun,14:40,22:45,8h 05,1, DEL,12228
 Vistara,BOM,CCU,07-Jun,10:25,18:05,7h 40,1, DEL,13063
 GoAir,BOM,CCU,07-Jun,00:10,07:50,7h 40,1, DEL,13384
 Vistara,BOM,CCU,07-Jun,10:25,19:35,9h 10,1, DEL,11242
 Air India,BOM,CCU,07-Jun,15:25,22:25,7h,2," IXU, DEL",15351
 Vistara,BOM,CCU,07-Jun,22:45,08:20,9h 35,1, DEL,11285
 IndiGo,BOM,CCU,07-Jun,10:20,21:40,11h 20,1, IDR,9640
 GoAir,BOM,CCU,07-Jun,21:50,07:50,10h,1, DEL,11046
 Air India,BOM,CCU,07-Jun,13:00,19:10,6h 10,1, DEL,17914
 SpiceJet,BOM,CCU,07-Jun,07:20,20:50,13h 30,1, DEL,8416
 GoAir,BOM,CCU,07-Jun,20:10,09:45,13h 35,1, BLR,8732
 Vistara,BOM,CCU,07-Jun,12:15,19:35,7h 20,2," UDR, DEL",16490
 SpiceJet,BOM,CCU,07-Jun,19:35,09:05,13h 30,1, DEL,9382
 Vistara,BOM,CCU,07-Jun,21:55,08:20,10h 25,1, DEL,12228
 Vistara,BOM,CCU,07-Jun,08:45,18:05,9h 20,1, DEL,14677
 Air India,BOM,CCU,07-Jun,20:10,08:15,12h 05,1, HYD,11879
 Vistara,BOM,CCU,07-Jun,06:30,18:05,11h 35,1, DEL,13063
 Vistara,BOM,CCU,07-Jun,07:30,18:05,10h 35,1, DEL,14677
 Vistara,BOM,CCU,07-Jun,06:00,18:05,12h 05,1, DEL,13063
 Vistara,BOM,CCU,07-Jun,06:30,19:35,13h 05,1, DEL,12228
 SpiceJet,BOM,CCU,07-Jun,16:00,09:05,17h 05,1, DEL,9382
 Vistara,BOM,CCU,07-Jun,19:45,08:20,12h 35,1, DEL,13063
 Vistara,BOM,CCU,07-Jun,06:00,19:35,13h 35,1, DEL,12228
 Vistara,BOM,CCU,07-Jun,12:10,19:35,7h 25,2," DED, DEL",23129
 Air India,BOM,CCU,07-Jun,18:35,09:00,14h 25,2," AMD, DEL",12919
 SpiceJet,BOM,CCU,07-Jun,18:55,17:15,22h 20,1, GAU,8416
 Vistara,BOM,CCU,07-Jun,09:05,18:05,9h,2," BLR, DEL",21171
 SpiceJet,BOM,CCU,07-Jun,08:25,18:10,9h 45,1, IXB,20438
 GoAir,BOM,CCU,07-Jun,19:10,08:35,13h 25,1, AMD,15116
 Air India,BOM,CCU,07-Jun,08:00,19:10,11h 10,1, DEL,18333
 Air India,BOM,CCU,07-Jun,19:00,09:00,14h,1, DEL,15351
 Air India,BOM,CCU,07-Jun,07:20,19:10,11h 50,2," IDR, DEL",18282
 Air India,BOM,CCU,07-Jun,05:45,22:25,16h 40,2," BHO, DEL",13096
 Air India,BOM,CCU,07-Jun,05:45,19:10,13h 25,2," BHO, DEL",16398
 Hahn Air Systems,BOM,CCU,07-Jun,16:00,21:55,5h 55,1, DEL,37456
 Vistara,BOM,CCU,07-Jun,06:00,19:35,13h 35,2," IXC, DEL",18553
 Vistara,BOM,CCU,07-Jun,17:30,08:20,14h 50,2," BLR, DEL",19659
 Air India,BOM,CCU,07-Jun,16:00,10:40,18h 40,2," DEL, MAA",16025
 Air India,BOM,CCU,07-Jun,15:25,10:40,19h 15,3," IXU, DEL, MAA",16025
 Vistara,BOM,CCU,07-Jun,22:35,18:05,19h 30,2," AMD, DEL",16255
 Hahn Air Systems,BOM,CCU,07-Jun,00:35,09:05,8h 30,1, DEL,37517
 Emirates,BOM,CCU,07-Jun,19:20,08:15,12h 55,1, DXB,27369
 Air India,BOM,CCU,07-Jun,09:50,09:00,23h 10,3," RPR, VTZ, DEL",15359
 Vistara,BOM,CCU,07-Jun,22:35,22:45,24h 10,2," AMD, DEL",14977
 Air India,BOM,CCU,07-Jun,09:00,10:40,25h 40,1, MAA,14950
 Hahn Air Systems,BOM,CCU,07-Jun,08:25,18:10,9h 45,1, IXB,45254
 Emirates,BOM,CCU,07-Jun,15:35,08:15,16h 40,1, DXB,26612
 Vistara,BOM,CCU,07-Jun,17:00,19:35,26h 35,2," IXC, DEL",17297
 SpiceJet,BOM,CCU,07-Jun,13:10,13:10,24h,1, IXB,19940
 Vistara,BOM,CCU,07-Jun,06:35,18:05,11h 30,2," AMD, DEL",42452
 Hahn Air Systems,BOM,CCU,07-Jun,19:35,09:15,13h 40,1, MAA,36467
 Vistara,BOM,CCU,07-Jun,06:35,19:35,13h,2," AMD, DEL",41875
 Singapore Airlines,BOM,CCU,07-Jun,11:45,22:35,10h 50,1, SIN,52214
 Air India,BOM,CCU,07-Jun,09:50,19:10,33h 20,2," RPR, DEL",18271
 Hahn Air Systems,BOM,CCU,07-Jun,11:15,20:50,9h 35,2," GOI, DEL",76850
 Hahn Air Systems,BOM,CCU,07-Jun,10:50,20:50,10h,2," KNU, DEL",74257
 Hahn Air Systems,BOM,CCU,07-Jun,07:20,20:50,13h 30,1, DEL,59202
 Hahn Air Systems,BOM,CCU,07-Jun,07:20,18:10,10h 50,2," DEL, IXB",82298
 Emirates,BOM,CCU,07-Jun,22:20,19:15,20h 55,1, DXB,47152
 Hahn Air Systems,BOM,CCU,07-Jun,00:35,13:10,12h 35,2," DEL, IXB",80658
 Hahn Air Systems,BOM,CCU,07-Jun,07:20,20:45,13h 25,2," DEL, JRG",75767
 Hahn Air Systems,BOM,CCU,07-Jun,13:10,13:10,24h,1, IXB,44204
 SpiceJet,BLR,DEL,07-Jun,21:10,23:45,2h 35,0,,6629
 SpiceJet,BLR,DEL,07-Jun,05:55,08:35,2h 40,0,,7799
 AirAsia India,BLR,DEL,07-Jun,11:15,13:55,2h 40,0,,8041
 Vistara,BLR,DEL,07-Jun,08:00,10:40,2h 40,0,,8341
 Vistara,BLR,DEL,07-Jun,21:15,23:50,2h 35,0,,8341
 Vistara,BLR,DEL,07-Jun,07:00,09:40,2h 40,0,,8341
 GoAir,BLR,DEL,07-Jun,05:45,08:40,2h 55,0,,7500
 SpiceJet,BLR,DEL,07-Jun,21:50,00:35,2h 45,0,,7799
 IndiGo,BLR,DEL,07-Jun,06:00,08:45,2h 45,0,,8196
 GoAir,BLR,DEL,07-Jun,21:30,00:15,2h 45,0,,7924
 IndiGo,BLR,DEL,07-Jun,04:40,07:25,2h 45,0,,8196
 Vistara,BLR,DEL,07-Jun,09:45,12:40,2h 55,0,,8284
 IndiGo,BLR,DEL,07-Jun,22:00,00:45,2h 45,0,,8196
 IndiGo,BLR,DEL,07-Jun,00:45,03:30,2h 45,0,,8196
 AirAsia India,BLR,DEL,07-Jun,06:10,08:55,2h 45,0,,8286
 Air India,BLR,DEL,07-Jun,06:10,08:55,2h 45,0,,8835
 IndiGo,BLR,DEL,07-Jun,23:10,02:00,2h 50,0,,8196
 IndiGo,BLR,DEL,07-Jun,09:20,12:10,2h 50,0,,8628
 IndiGo,BLR,DEL,07-Jun,18:00,20:45,2h 45,0,,8628
 IndiGo,BLR,DEL,07-Jun,19:15,22:00,2h 45,0,,8628
 IndiGo,BLR,DEL,07-Jun,16:30,19:15,2h 45,0,,8628
 IndiGo,BLR,DEL,07-Jun,20:30,23:15,2h 45,0,,8628
 AirAsia India,BLR,DEL,07-Jun,18:15,21:10,2h 55,0,,8286
 AirAsia India,BLR,DEL,07-Jun,22:30,01:20,2h 50,0,,8041
 AirAsia India,BLR,DEL,07-Jun,00:25,03:20,2h 55,0,,8286
 IndiGo,BLR,DEL,07-Jun,13:55,16:40,2h 45,0,,8884
 IndiGo,BLR,DEL,07-Jun,14:55,17:45,2h 50,0,,8628
 Vistara,BLR,DEL,07-Jun,11:30,14:10,2h 40,0,,9314
 Air India,BLR,DEL,07-Jun,10:00,12:50,2h 50,0,,8835
 Vistara,BLR,DEL,07-Jun,17:45,20:20,2h 35,0,,9694
 IndiGo,BLR,DEL,07-Jun,07:45,10:40,2h 55,0,,8628
 IndiGo,BLR,DEL,07-Jun,11:45,14:40,2h 55,0,,8628
 Air India,BLR,DEL,07-Jun,17:10,19:50,2h 40,0,,9560
 Vistara,BLR,DEL,07-Jun,19:40,22:25,2h 45,0,,9314
 Vistara,BLR,DEL,07-Jun,18:50,21:35,2h 45,0,,9734
 Air India,BLR,DEL,07-Jun,21:20,00:30,3h 10,0,,8835
 Novaturas,BLR,DEL,07-Jun,21:30,00:15,2h 45,0,,11269
 Novaturas,BLR,DEL,07-Jun,05:45,08:40,2h 55,0,,11269
 IndiGo,BLR,DEL,07-Jun,20:10,00:45,4h 35,1, HYD,8790
 IndiGo,BLR,DEL,07-Jun,18:50,23:30,4h 40,1, HYD,8790
 IndiGo,BLR,DEL,07-Jun,08:55,13:55,5h,1, HYD,8790
 IndiGo,BLR,DEL,07-Jun,23:05,04:10,5h 05,1, PNQ,8790
 GoAir,BLR,DEL,07-Jun,17:45,22:55,5h 10,1, BOM,8851
 SpiceJet,BLR,DEL,07-Jun,20:05,01:25,5h 20,1, GOI,8673
 GoAir,BLR,DEL,07-Jun,18:10,23:25,5h 15,1, PNQ,8851
 GoAir,BLR,DEL,07-Jun,17:15,22:30,5h 15,1, AMD,8851
 AirAsia India,BLR,DEL,07-Jun,13:40,19:20,5h 40,1, GOI,8362
 IndiGo,BLR,DEL,07-Jun,07:10,12:10,5h,1, HYD,9621
 IndiGo,BLR,DEL,07-Jun,18:25,00:05,5h 40,1, IDR,8790
 IndiGo,BLR,DEL,07-Jun,20:30,02:10,5h 40,1, PNQ,8790
 GoAir,BLR,DEL,07-Jun,15:45,20:10,4h 25,1, GOI,11628
 IndiGo,BLR,DEL,07-Jun,17:05,23:00,5h 55,1, PNQ,8790
 SpiceJet,BLR,DEL,07-Jun,09:35,15:35,6h,1, DBR,8673
 Vistara,BLR,DEL,07-Jun,17:30,21:35,4h 05,1, IDR,12779
 IndiGo,BLR,DEL,07-Jun,12:35,18:35,6h,1, HYD,8790
 IndiGo,BLR,DEL,07-Jun,10:15,16:15,6h,1, HYD,8790
 AirAsia India,BLR,DEL,07-Jun,05:40,12:05,6h 25,1, COK,8362
 Hahn Air Systems,BLR,DEL,07-Jun,05:55,08:35,2h 40,0,,20569
 AirAsia India,BLR,DEL,07-Jun,08:45,15:20,6h 35,1, GAU,8362
 SpiceJet,BLR,DEL,07-Jun,17:30,23:55,6h 25,1, CCU,8673
 IndiGo,BLR,DEL,07-Jun,15:35,21:55,6h 20,1, JAI,8790
 Hahn Air Systems,BLR,DEL,07-Jun,21:50,00:35,2h 45,0,,20569
 SpiceJet,BLR,DEL,07-Jun,17:20,22:05,4h 45,1, CCU,11998
 IndiGo,BLR,DEL,07-Jun,08:50,15:20,6h 30,1, JAI,8790
 IndiGo,BLR,DEL,07-Jun,15:45,22:20,6h 35,1, HYD,8790
 GoAir,BLR,DEL,07-Jun,15:15,21:55,6h 40,1, PAT,8851
 AirAsia India,BLR,DEL,07-Jun,05:10,12:05,6h 55,1, COK,8629
 IndiGo,BLR,DEL,07-Jun,05:15,12:10,6h 55,1, HYD,8790
 IndiGo,BLR,DEL,07-Jun,16:10,23:05,6h 55,1, RPR,8790
 IndiGo,BLR,DEL,07-Jun,17:55,01:00,7h 05,1, NAG,8790
 IndiGo,BLR,DEL,07-Jun,02:30,09:45,7h 15,1, PNQ,8790
 AirAsia India,BLR,DEL,07-Jun,09:00,14:20,5h 20,1, IXR,11974
 AirAsia India,BLR,DEL,07-Jun,12:45,20:25,7h 40,1, PNQ,8362
 Vistara,BLR,DEL,07-Jun,07:45,12:30,4h 45,1, HYD,13463
 AirAsia India,BLR,DEL,07-Jun,12:15,19:55,7h 40,1, IXR,8362
 AirAsia India,BLR,DEL,07-Jun,15:15,22:55,7h 40,1, GAU,8362
 IndiGo,BLR,DEL,07-Jun,07:10,13:55,6h 45,1, HYD,9504
 AirAsia India,BLR,DEL,07-Jun,22:15,03:45,5h 30,1, PNQ,11974
 Vistara,BLR,DEL,07-Jun,19:55,00:55,5h,1, BOM,13566
 GoAir,BLR,DEL,07-Jun,08:15,16:00,7h 45,1, BOM,8851
 Vistara,BLR,DEL,07-Jun,18:25,23:00,4h 35,1, BOM,14984
 IndiGo,BLR,DEL,07-Jun,05:25,13:15,7h 50,1, PNQ,8790
 Vistara,BLR,DEL,07-Jun,09:30,14:30,5h,1, BOM,13770
 IndiGo,BLR,DEL,07-Jun,07:50,15:55,8h 05,1, RPR,8790
 Vistara,BLR,DEL,07-Jun,18:55,00:10,5h 15,1, BOM,13851
 Vistara,BLR,DEL,07-Jun,08:30,14:05,5h 35,1, BOM,13244
 IndiGo,BLR,DEL,07-Jun,13:05,21:15,8h 10,1, IDR,9154
 AirAsia India,BLR,DEL,07-Jun,04:35,10:55,6h 20,1, GOI,11974
 AirAsia India,BLR,DEL,07-Jun,05:05,11:40,6h 35,1, IXR,11974
 Air India,BLR,DEL,07-Jun,06:45,12:20,5h 35,1, BOM,14323
 Vistara,BLR,DEL,07-Jun,06:40,12:40,6h,1, BOM,13661
 Vistara,BLR,DEL,07-Jun,11:30,16:30,5h,1, IXC,16395
 IndiGo,BLR,DEL,07-Jun,11:05,18:20,7h 15,1, PNQ,11788
 SpiceJet,BLR,DEL,07-Jun,13:30,23:30,10h,1, PAT,8673
 GoAir,BLR,DEL,07-Jun,05:25,15:05,9h 40,1, PNQ,9003
 GoAir,BLR,DEL,07-Jun,05:45,15:30,9h 45,1, PAT,9003
 Vistara,BLR,DEL,07-Jun,10:15,16:55,6h 40,1, BOM,13239
 GoAir,BLR,DEL,07-Jun,07:15,17:05,9h 50,1, CCU,9003
 AirAsia India,BLR,DEL,07-Jun,10:55,21:45,10h 50,1, COK,8362
 SpiceJet,BLR,DEL,07-Jun,09:15,19:45,10h 30,1, PNQ,8673
 GoAir,BLR,DEL,07-Jun,09:05,19:25,10h 20,1, VNS,9003
 AirAsia India,BLR,DEL,07-Jun,17:55,02:05,8h 10,1, CCU,11974
 Vistara,BLR,DEL,07-Jun,06:40,14:05,7h 25,1, BOM,13239
 Air India,BLR,DEL,07-Jun,08:20,15:15,6h 55,1, BOM,14323
 GoAir,BLR,DEL,07-Jun,12:20,23:55,11h 35,1, LKO,9003
 SpiceJet,BLR,DEL,07-Jun,09:25,20:50,11h 25,1, JLR,9153
 IndiGo,BLR,DEL,07-Jun,11:00,21:35,10h 35,1, UDR,9918
 AirAsia India,BLR,DEL,07-Jun,16:15,01:10,8h 55,2," HYD, VTZ",12905
 Vistara,BLR,DEL,07-Jun,09:25,16:25,7h,1, GAU,17162
 AirAsia India,BLR,DEL,07-Jun,23:30,10:05,10h 35,1, CCU,11613
 AirAsia India,BLR,DEL,07-Jun,13:40,21:45,8h 05,2," GOI, BOM",15738
 AirAsia India,BLR,DEL,07-Jun,05:05,19:55,14h 50,1, IXR,8629
 Vistara,BLR,DEL,07-Jun,09:30,16:20,6h 50,2," BOM, DED",18874
 AirAsia India,BLR,DEL,07-Jun,22:40,09:30,10h 50,1, BOM,11974
 GoAir,BLR,DEL,07-Jun,18:35,08:20,13h 45,1, HYD,9510
 GoAir,BLR,DEL,07-Jun,21:30,08:00,10h 30,1, BOM,12550
 Vistara,BLR,DEL,07-Jun,11:30,19:50,8h 20,1, IXC,15845
 AirAsia India,BLR,DEL,07-Jun,20:15,12:05,15h 50,1, COK,8629
 Vistara,BLR,DEL,07-Jun,21:40,08:05,10h 25,1, BOM,13239
 AirAsia India,BLR,DEL,07-Jun,13:25,01:00,11h 35,2," HYD, JAI",12053
 Vistara,BLR,DEL,07-Jun,08:30,16:20,7h 50,2," BOM, DED",18645
 AirAsia India,BLR,DEL,07-Jun,12:45,01:00,12h 15,2," PNQ, JAI",11998
 Air India,BLR,DEL,07-Jun,08:20,19:10,10h 50,2," BOM, IXU",14392
 Vistara,BLR,DEL,07-Jun,12:45,00:40,11h 55,1, GOI,13167
 SpiceJet,BLR,DEL,07-Jun,05:45,00:25,18h 40,1, MAA,8673
 IndiGo,BLR,DEL,07-Jun,22:10,07:15,9h 05,1, HYD,17958
 IndiGo,BLR,DEL,07-Jun,21:00,06:55,9h 55,2," IXE, PNQ",17673
 Vistara,BLR,DEL,07-Jun,20:10,09:00,12h 50,1, HYD,13778
 AirAsia India,BLR,DEL,07-Jun,14:25,01:10,10h 45,2," HYD, VTZ",16635
 Vistara,BLR,DEL,07-Jun,19:55,08:20,12h 25,2," BOM, AMD",14890
 Vistara,BLR,DEL,07-Jun,07:10,18:20,11h 10,1, CJB,17683
 Air India,BLR,DEL,07-Jun,19:10,09:05,13h 55,1, BOM,14392
 Vistara,BLR,DEL,07-Jun,21:40,10:15,12h 35,2," BOM, AMD",15924
 Hahn Air Systems,BLR,DEL,07-Jun,20:05,01:25,5h 20,1, GOI,37623
 SpiceJet,BLR,DEL,07-Jun,06:05,18:15,12h 10,1, IXB,17231
 SpiceJet,BLR,DEL,07-Jun,16:05,16:20,24h 15,1, JRG,8673
 AirAsia India,BLR,DEL,07-Jun,04:35,21:45,17h 10,2," GOI, BOM",12700
 Hahn Air Systems,BLR,DEL,07-Jun,12:50,18:25,5h 35,1, DBR,39367
 AirAsia India,BLR,DEL,07-Jun,14:20,02:05,11h 45,2," BBI, CCU",18716
 Air India,BLR,DEL,07-Jun,19:10,11:10,16h,2," BOM, IDR",14392
 Hahn Air Systems,BLR,DEL,07-Jun,17:30,23:55,6h 25,1, CCU,36709
 Hahn Air Systems,BLR,DEL,07-Jun,09:35,15:35,6h,1, DBR,39533
 Vistara,BLR,DEL,07-Jun,18:55,09:00,14h 05,2," BOM, HYD",18418
 Emirates,BLR,DEL,07-Jun,04:30,14:45,10h 15,1, DXB,26706
 Air India,BLR,DEL,07-Jun,19:10,15:55,20h 45,2," BOM, BHO",13449
 Emirates,BLR,DEL,07-Jun,20:50,09:05,12h 15,1, DXB,24134
 Hahn Air Systems,BLR,DEL,07-Jun,13:30,23:30,10h,1, PAT,38134
 Hahn Air Systems,BLR,DEL,07-Jun,09:15,19:45,10h 30,1, PNQ,36528
 Vistara,BLR,DEL,07-Jun,19:25,18:20,22h 55,1, CJB,16948
 Vistara,BLR,DEL,07-Jun,07:45,16:30,8h 45,2," HYD, IXC",46554
 Hahn Air Systems,BLR,DEL,07-Jun,09:25,20:50,11h 25,1, JLR,37281
 Emirates,BLR,DEL,07-Jun,10:35,02:45,16h 10,1, DXB,28172
 Vistara,BLR,DEL,07-Jun,07:45,18:05,10h 20,2," HYD, BOM",44528
 Vistara,BLR,DEL,07-Jun,06:40,15:20,8h 40,2," BOM, SXR",58168
 Hahn Air Systems,BLR,DEL,07-Jun,06:05,18:15,12h 10,1, IXB,42795
 Vistara,BLR,DEL,07-Jun,10:15,19:50,33h 35,2," BOM, IXC",16111
 Hahn Air Systems,BLR,DEL,07-Jun,09:15,21:00,11h 45,2," PNQ, AMD",73324
 Hahn Air Systems,BLR,DEL,07-Jun,20:05,09:35,13h 30,2," GOI, BOM",73734
 Qatar Airways + Vistara,BLR,DEL,07-Jun,04:30,18:05,13h 35,2," DOH, BOM",76903
 Singapore Airlines,BLR,DEL,07-Jun,23:05,20:10,21h 05,1, SIN,50993
 Qatar Airways + Vistara,BLR,DEL,07-Jun,03:55,18:05,14h 10,2," DOH, BOM",76903
 Qatar Airways,BLR,DEL,07-Jun,04:30,08:40,28h 10,1, DOH,47256
 Vistara + Qatar Airways,BLR,DEL,07-Jun,10:15,03:40,17h 25,2," BOM, DOH",77307
 Vistara + Qatar Airways,BLR,DEL,07-Jun,09:30,03:40,18h 10,2," BOM, DOH",77307
 Qatar Airways,BLR,DEL,07-Jun,04:30,03:40,23h 10,1, DOH,61211
 Qatar Airways,BLR,DEL,07-Jun,03:55,03:40,23h 45,1, DOH,61211
 Qatar Airways,BLR,DEL,07-Jun,04:30,01:55,21h 25,1, DOH,72897
 Qatar Airways,BLR,DEL,07-Jun,03:55,08:40,28h 45,1, DOH,55378
 Qatar Airways,BLR,DEL,07-Jun,03:55,01:55,22h,1, DOH,72897
 SpiceJet,JAI,DEL,07-Jun,11:55,12:45,0h 50,0,,3332
 SpiceJet,JAI,DEL,07-Jun,06:25,07:25,1h,0,,3332
 IndiGo,JAI,DEL,07-Jun,14:20,15:20,1h,0,,3631
 IndiGo,JAI,DEL,07-Jun,06:40,07:40,1h,0,,3631
 Alliance Air,JAI,DEL,07-Jun,08:40,09:40,1h,0,,3691
 IndiGo,JAI,DEL,07-Jun,22:25,23:25,1h,0,,3524
 IndiGo,JAI,DEL,07-Jun,20:50,21:55,1h 05,0,,3631
 AirAsia India,JAI,DEL,07-Jun,23:50,01:00,1h 10,0,,3472
 Alliance Air,JAI,DEL,07-Jun,21:10,22:10,1h,0,,3691
 Hahn Air Systems,JAI,DEL,07-Jun,11:55,12:45,0h 50,0,,16750
 Hahn Air Systems,JAI,DEL,07-Jun,06:25,07:25,1h,0,,16750
 Air India,JAI,DEL,07-Jun,14:00,20:10,6h 10,1, BOM,14444
 Air India,JAI,DEL,07-Jun,00:40,09:15,8h 35,1, CCU,15438
 GoAir,JAI,DEL,07-Jun,22:55,08:00,9h 05,1, BOM,12116
 GoAir,JAI,DEL,07-Jun,11:10,17:35,6h 25,1, BOM,12116
 GoAir,JAI,DEL,07-Jun,21:50,09:40,11h 50,1, AMD,12157
 IndiGo,JAI,DEL,07-Jun,08:40,14:15,5h 35,1, IXC,15064
 Air India,JAI,DEL,07-Jun,14:00,23:20,9h 20,2," BOM, AMD",18656
 Hahn Air Systems,JAI,DEL,07-Jun,17:40,23:00,5h 20,1, ATQ,35274
 IndiGo + Vistara,JAI,DEL,07-Jun,08:40,16:30,7h 50,1, IXC,16418
 GoAir,JAI,DEL,07-Jun,12:30,00:15,11h 45,1, BLR,15913
 IndiGo,JAI,DEL,07-Jun,08:40,20:05,11h 25,1, IXC,14606
 Hahn Air Systems,JAI,DEL,07-Jun,14:25,19:15,4h 50,1, VNS,36413
 IndiGo + Vistara,JAI,DEL,07-Jun,08:40,19:50,11h 10,1, IXC,14699
 Hahn Air Systems,JAI,DEL,07-Jun,08:45,12:55,4h 10,1, DHM,48674
 IndiGo,JAI,DEL,07-Jun,08:50,21:15,12h 25,1, IDR,18138
 IndiGo,JAI,DEL,07-Jun,17:25,08:05,14h 40,1, IXC,16212
 Air India,JAI,DEL,07-Jun,14:00,11:10,21h 10,2," BOM, IDR",14444
 Hahn Air Systems,JAI,DEL,07-Jun,11:20,20:20,9h,1, DED,33973
 Air India,JAI,DEL,07-Jun,00:40,23:05,22h 25,2," CCU, STV",14629
 Hahn Air Systems,JAI,DEL,07-Jun,08:35,18:20,9h 45,1, BOM,36413
 Hahn Air Systems,JAI,DEL,07-Jun,06:15,14:00,7h 45,2," AMD, DED",52189
 Hahn Air Systems,JAI,DEL,07-Jun,06:15,21:00,14h 45,1, AMD,34605
 Hahn Air Systems,JAI,DEL,07-Jun,05:25,19:45,14h 20,1, PNQ,36413
 Hahn Air Systems,JAI,DEL,07-Jun,08:35,19:00,10h 25,2," BOM, KQH",51784
 Hahn Air Systems,JAI,DEL,07-Jun,14:25,03:00,12h 35,2," VNS, BOM",55768
 Hahn Air Systems,JAI,DEL,07-Jun,06:15,20:20,14h 05,2," AMD, DED",50974
 Hahn Air Systems,JAI,DEL,07-Jun,05:25,20:50,15h 25,2," PNQ, JLR",51784
 Hahn Air Systems,JAI,DEL,07-Jun,05:25,21:00,15h 35,2," PNQ, AMD",51514
 Hahn Air Systems,JAI,DEL,07-Jun,17:40,08:35,14h 55,2," ATQ, AMD",56752
 Hahn Air Systems,JAI,DEL,07-Jun,08:45,09:20,24h 35,1, DHM,42613
 SpiceJet,DEL,MAA,07-Jun,18:25,21:10,2h 45,0,,7352
 SpiceJet,DEL,MAA,07-Jun,08:45,11:40,2h 55,0,,7352
 IndiGo,DEL,MAA,07-Jun,20:30,23:20,2h 50,0,,8363
 IndiGo,DEL,MAA,07-Jun,17:25,20:15,2h 50,0,,8363
 IndiGo,DEL,MAA,07-Jun,07:10,10:00,2h 50,0,,8363
 IndiGo,DEL,MAA,07-Jun,08:30,11:20,2h 50,0,,8363
 Vistara,DEL,MAA,07-Jun,19:55,22:45,2h 50,0,,8488
 IndiGo,DEL,MAA,07-Jun,09:50,12:45,2h 55,0,,8363
 IndiGo,DEL,MAA,07-Jun,15:40,18:35,2h 55,0,,8363
 IndiGo,DEL,MAA,07-Jun,12:55,15:50,2h 55,0,,8363
 Vistara,DEL,MAA,07-Jun,07:00,09:50,2h 50,0,,8635
 Air India,DEL,MAA,07-Jun,20:40,23:35,2h 55,0,,8576
 IndiGo,DEL,MAA,07-Jun,19:10,22:10,3h,0,,8363
 Air India,DEL,MAA,07-Jun,05:55,08:55,3h,0,,8576
 Vistara,DEL,MAA,07-Jun,13:45,16:35,2h 50,0,,9328
 Vistara,DEL,MAA,07-Jun,17:25,20:15,2h 50,0,,9475
 Air India,DEL,MAA,07-Jun,16:15,19:30,3h 15,0,,8576
 IndiGo,DEL,MAA,07-Jun,01:50,07:00,5h 10,1, HYD,8421
 IndiGo,DEL,MAA,07-Jun,19:30,00:25,4h 55,1, HYD,8878
 IndiGo,DEL,MAA,07-Jun,05:05,10:20,5h 15,1, VTZ,8421
 IndiGo,DEL,MAA,07-Jun,03:50,09:05,5h 15,1, BLR,8421
 IndiGo,DEL,MAA,07-Jun,07:20,12:25,5h 05,1, JAI,8878
 IndiGo,DEL,MAA,07-Jun,06:55,12:10,5h 15,1, BLR,8878
 IndiGo,DEL,MAA,07-Jun,09:55,15:10,5h 15,1, HYD,8878
 IndiGo,DEL,MAA,07-Jun,02:25,08:05,5h 40,1, BLR,8421
 IndiGo,DEL,MAA,07-Jun,13:00,18:30,5h 30,1, BLR,8878
 IndiGo,DEL,MAA,07-Jun,17:00,22:45,5h 45,1, BHO,8878
 IndiGo,DEL,MAA,07-Jun,12:45,17:35,4h 50,1, HYD,10613
 IndiGo,DEL,MAA,07-Jun,13:25,19:15,5h 50,1, HYD,8878
 IndiGo,DEL,MAA,07-Jun,05:50,12:10,6h 20,1, BLR,8421
 IndiGo,DEL,MAA,07-Jun,15:15,21:20,6h 05,1, RPR,9128
 Hahn Air Systems,DEL,MAA,07-Jun,18:25,21:10,2h 45,0,,20324
 Hahn Air Systems,DEL,MAA,07-Jun,08:45,11:40,2h 55,0,,20324
 IndiGo,DEL,MAA,07-Jun,18:00,00:25,6h 25,1, HYD,9769
 IndiGo,DEL,MAA,07-Jun,12:45,19:15,6h 30,1, HYD,9769
 SpiceJet,DEL,MAA,07-Jun,17:05,00:15,7h 10,1, PNQ,8893
 SpiceJet,DEL,MAA,07-Jun,16:55,22:00,5h 05,1, JLR,12907
 IndiGo,DEL,MAA,07-Jun,08:20,15:55,7h 35,1, BLR,8989
 AirAsia India,DEL,MAA,07-Jun,09:35,17:15,7h 40,1, BLR,9215
 IndiGo,DEL,MAA,07-Jun,09:15,15:55,6h 40,1, BLR,10613
 IndiGo,DEL,MAA,07-Jun,15:00,20:15,5h 15,1, HYD,14573
 Vistara,DEL,MAA,07-Jun,17:45,23:05,5h 20,1, BOM,14567
 IndiGo,DEL,MAA,07-Jun,11:15,18:30,7h 15,2," SAG, BLR",10731
 Air India,DEL,MAA,07-Jun,09:45,12:40,2h 55,0,,27255
 AirAsia India,DEL,MAA,07-Jun,08:10,17:15,9h 05,1, BLR,8764
 Vistara,DEL,MAA,07-Jun,14:20,19:50,5h 30,1, BOM,14852
 SpiceJet,DEL,MAA,07-Jun,10:20,20:05,9h 45,1, GAU,8427
 Vistara,DEL,MAA,07-Jun,06:00,11:50,5h 50,1, BOM,14567
 IndiGo,DEL,MAA,07-Jun,06:40,15:10,8h 30,1, HYD,10196
 IndiGo,DEL,MAA,07-Jun,15:20,20:55,5h 35,1, BLR,15615
 SpiceJet,DEL,MAA,07-Jun,20:00,07:15,11h 15,1, BLR,8427
 SpiceJet,DEL,MAA,07-Jun,07:05,18:20,11h 15,1, CCU,8427
 IndiGo,DEL,MAA,07-Jun,11:55,21:20,9h 25,1, RPR,10196
 IndiGo,DEL,MAA,07-Jun,15:00,00:25,9h 25,1, HYD,10196
 Vistara,DEL,MAA,07-Jun,16:45,23:05,6h 20,1, BOM,15232
 AirAsia India,DEL,MAA,07-Jun,21:40,08:15,10h 35,1, BLR,9215
 IndiGo,DEL,MAA,07-Jun,11:30,18:30,7h,1, BLR,14416
 AirAsia India,DEL,MAA,07-Jun,22:35,10:05,11h 30,1, CCU,8867
 AirAsia India,DEL,MAA,07-Jun,12:40,22:00,9h 20,1, GAU,10960
 Vistara,DEL,MAA,07-Jun,12:50,19:50,7h,1, BOM,15232
 GoAir,DEL,MAA,07-Jun,18:45,07:40,12h 55,1, BOM,8587
 GoAir,DEL,MAA,07-Jun,22:45,07:40,8h 55,1, BOM,12582
 Vistara,DEL,MAA,07-Jun,15:30,23:05,7h 35,1, BOM,15232
 SpiceJet,DEL,MAA,07-Jun,07:20,21:30,14h 10,1, BOM,8427
 Vistara,DEL,MAA,07-Jun,14:20,23:05,8h 45,1, BOM,14099
 Vistara,DEL,MAA,07-Jun,11:40,19:50,8h 10,1, BOM,15754
 SpiceJet,DEL,MAA,07-Jun,06:40,22:00,15h 20,1, JLR,8427
 Vistara,DEL,MAA,07-Jun,10:20,19:50,9h 30,1, BOM,15232
 Air India,DEL,MAA,07-Jun,21:15,07:25,10h 10,1, BOM,15306
 Vistara,DEL,MAA,07-Jun,09:30,19:50,10h 20,1, BOM,15232
 GoAir,DEL,MAA,07-Jun,15:45,07:40,15h 55,1, BOM,10337
 Vistara,DEL,MAA,07-Jun,21:30,08:50,11h 20,1, BOM,14852
 Vistara,DEL,MAA,07-Jun,08:50,19:50,11h,1, BOM,15754
 Vistara,DEL,MAA,07-Jun,14:15,23:05,8h 50,2," BLR, BOM",19946
 Vistara,DEL,MAA,07-Jun,13:20,23:05,9h 45,2," VNS, BOM",18087
 Air India,DEL,MAA,07-Jun,06:50,19:15,12h 25,1, CCU,15306
 Hahn Air Systems,DEL,MAA,07-Jun,18:35,23:50,5h 15,1, CCU,36479
 Hahn Air Systems,DEL,MAA,07-Jun,16:55,22:00,5h 05,1, JLR,37872
 SriLankan Airlines,DEL,MAA,07-Jun,05:15,15:05,9h 50,1, CMB,19990
 SpiceJet,DEL,MAA,07-Jun,06:30,18:25,11h 55,1, IXB,16496
 Vistara,DEL,MAA,07-Jun,07:30,19:50,12h 20,1, BOM,16275
 Vistara,DEL,MAA,07-Jun,18:55,08:50,13h 55,1, BOM,14567
 Air India,DEL,MAA,07-Jun,17:55,07:25,13h 30,2," IXU, BOM",15306
 Vistara,DEL,MAA,07-Jun,19:45,08:50,13h 05,1, BOM,16275
 AirAsia India,DEL,MAA,07-Jun,22:35,09:20,10h 45,2," CCU, HYD",20214
 Vistara,DEL,MAA,07-Jun,20:40,08:50,12h 10,1, BOM,18120
 SpiceJet,DEL,MAA,07-Jun,06:05,07:15,25h 10,1, BLR,8833
 Vistara,DEL,MAA,07-Jun,05:55,19:50,13h 55,2," IDR, BOM",16384
 Vistara,DEL,MAA,07-Jun,06:00,23:05,17h 05,1, BOM,14014
 SpiceJet,DEL,MAA,07-Jun,18:35,18:20,23h 45,1, CCU,10382
 Vistara,DEL,MAA,07-Jun,18:10,08:50,14h 40,2," AMD, BOM",17089
 Vistara,DEL,MAA,07-Jun,21:20,11:50,14h 30,2," AMD, BOM",17317
 Vistara,DEL,MAA,07-Jun,07:30,19:50,12h 20,2," CCU, BOM",20931
 Hahn Air Systems,DEL,MAA,07-Jun,17:05,00:15,7h 10,1, PNQ,36045
 SpiceJet,DEL,MAA,07-Jun,09:20,00:15,14h 55,1, PNQ,17374
 AirAsia India,DEL,MAA,07-Jun,16:15,09:20,17h 05,2," VTZ, HYD",15246
 Vistara,DEL,MAA,07-Jun,06:15,19:50,13h 35,2," BLR, BOM",19806
 Air India,DEL,MAA,07-Jun,22:00,10:55,12h 55,2," GOI, BOM",24003
 Vistara,DEL,MAA,07-Jun,20:40,11:50,15h 10,2," BLR, BOM",20646
 Vistara,DEL,MAA,07-Jun,17:30,08:50,15h 20,2," CCU, BOM",20501
 Vistara,DEL,MAA,07-Jun,17:35,08:50,15h 15,2," BLR, BOM",21696
 Air India,DEL,MAA,07-Jun,20:15,19:15,23h,1, CCU,15363
 Hahn Air Systems,DEL,MAA,07-Jun,10:20,20:05,9h 45,1, GAU,41624
 Hahn Air Systems,DEL,MAA,07-Jun,07:05,18:20,11h 15,1, CCU,36479
 Hahn Air Systems,DEL,MAA,07-Jun,20:00,07:15,11h 15,1, BLR,36794
 Air India,DEL,MAA,07-Jun,09:30,19:15,9h 45,2," GAU, CCU",43096
 Vistara,DEL,MAA,07-Jun,13:20,19:50,30h 30,2," UDR, BOM",15400
 Hahn Air Systems,DEL,MAA,07-Jun,06:30,18:25,11h 55,1, IXB,40436
 Hahn Air Systems,DEL,MAA,07-Jun,06:40,22:00,15h 20,1, JLR,37127
 Air India,DEL,MAA,07-Jun,05:30,10:10,28h 40,1, IXZ,20202
 Vistara,DEL,MAA,07-Jun,07:05,19:50,12h 45,2," HYD, BOM",51352
 Qatar Airways,DEL,MAA,07-Jun,22:00,09:05,11h 05,1, DOH,62464
 Emirates,DEL,MAA,07-Jun,16:15,08:25,16h 10,1, DXB,49417
 Hahn Air Systems,DEL,MAA,07-Jun,07:20,21:30,14h 10,1, BOM,59214
 Hahn Air Systems,DEL,MAA,07-Jun,09:50,21:30,11h 40,2," SXR, BOM",78039
 Qatar Airways + Vistara,DEL,MAA,07-Jun,04:10,19:50,15h 40,2," DOH, BOM",63734
 Qatar Airways + SriLankan Airlines,DEL,MAA,07-Jun,22:00,15:05,17h 05,2," DOH, CMB",67719
 Emirates,DEL,MAA,07-Jun,04:15,20:30,16h 15,1, DXB,72703
 Hahn Air Systems,DEL,MAA,07-Jun,05:45,21:30,15h 45,2," RAJ, BOM",75548
 Emirates,DEL,MAA,07-Jun,21:50,20:30,22h 40,1, DXB,53201
 Qatar Airways + Vistara,DEL,MAA,07-Jun,03:25,19:50,16h 25,2," DOH, BOM",80209
 Vistara + Qatar Airways,DEL,MAA,07-Jun,14:20,09:05,18h 45,2," BOM, DOH",72150
 Qatar Airways,DEL,MAA,07-Jun,10:35,09:05,22h 30,1, DOH,65755
 Qatar Airways,DEL,MAA,07-Jun,10:35,02:20,15h 45,1, DOH,101172
 Qatar Airways,DEL,MAA,07-Jun,04:10,09:05,28h 55,1, DOH,55770
 Vistara + Qatar Airways,DEL,MAA,07-Jun,14:45,09:05,18h 20,2," HYD, DOH",106018
 Qatar Airways,DEL,MAA,07-Jun,04:10,02:20,22h 10,1, DOH,89485
 Qatar Airways,DEL,MAA,07-Jun,03:25,09:05,29h 40,1, DOH,72927
 Qatar Airways,DEL,MAA,07-Jun,03:25,02:20,22h 55,1, DOH,105955
 GoAir,DEL,BLR,07-Jun,05:50,08:35,2h 45,0,,7500
 GoAir,DEL,BLR,07-Jun,05:50,08:30,2h 40,0,,7746
 SpiceJet,DEL,BLR,07-Jun,20:00,22:30,2h 30,0,,8211
 SpiceJet,DEL,BLR,07-Jun,06:05,08:55,2h 50,0,,7353
 Vistara,DEL,BLR,07-Jun,06:15,09:00,2h 45,0,,8242
 GoAir,DEL,BLR,07-Jun,20:30,23:20,2h 50,0,,7746
 Air India,DEL,BLR,07-Jun,06:10,08:55,2h 45,0,,8576
 IndiGo,DEL,BLR,07-Jun,08:20,11:00,2h 40,0,,8655
 Air India,DEL,BLR,07-Jun,21:15,00:05,2h 50,0,,8576
 IndiGo,DEL,BLR,07-Jun,05:50,08:35,2h 45,0,,8364
 IndiGo,DEL,BLR,07-Jun,09:15,11:55,2h 40,0,,8921
 IndiGo,DEL,BLR,07-Jun,18:30,21:15,2h 45,0,,8655
 AirAsia India,DEL,BLR,07-Jun,18:45,21:40,2h 55,0,,8256
 IndiGo,DEL,BLR,07-Jun,22:55,01:45,2h 50,0,,8364
 Vistara,DEL,BLR,07-Jun,20:40,23:20,2h 40,0,,9135
 IndiGo,DEL,BLR,07-Jun,03:50,06:40,2h 50,0,,8364
 IndiGo,DEL,BLR,07-Jun,02:25,05:15,2h 50,0,,8364
 IndiGo,DEL,BLR,07-Jun,21:30,00:15,2h 45,0,,8655
 IndiGo,DEL,BLR,07-Jun,20:10,23:00,2h 50,0,,8655
 IndiGo,DEL,BLR,07-Jun,17:25,19:55,2h 30,0,,9719
 IndiGo,DEL,BLR,07-Jun,06:55,09:50,2h 55,0,,8655
 Vistara,DEL,BLR,07-Jun,16:05,18:50,2h 45,0,,9541
 IndiGo,DEL,BLR,07-Jun,13:00,15:35,2h 35,0,,9984
 IndiGo,DEL,BLR,07-Jun,11:30,14:15,2h 45,0,,10057
 AirAsia India,DEL,BLR,07-Jun,08:10,10:40,2h 30,0,,10828
 IndiGo,DEL,BLR,07-Jun,15:20,18:15,2h 55,0,,9505
 Vistara,DEL,BLR,07-Jun,08:05,10:50,2h 45,0,,10151
 Vistara,DEL,BLR,07-Jun,14:15,16:50,2h 35,0,,11065
 Vistara,DEL,BLR,07-Jun,17:35,20:25,2h 50,0,,10151
 Air India,DEL,BLR,07-Jun,09:45,12:30,2h 45,0,,10650
 Vistara,DEL,BLR,07-Jun,09:05,11:50,2h 45,0,,11065
 Novaturas,DEL,BLR,07-Jun,05:50,08:35,2h 45,0,,11073
 Novaturas,DEL,BLR,07-Jun,20:30,23:20,2h 50,0,,11073
 Vistara,DEL,BLR,07-Jun,19:50,22:40,2h 50,0,,12081
 GoAir,DEL,BLR,07-Jun,16:55,21:40,4h 45,1, PNQ,8588
 IndiGo,DEL,BLR,07-Jun,13:25,17:55,4h 30,1, HYD,9229
 IndiGo,DEL,BLR,07-Jun,17:50,22:40,4h 50,1, IDR,8655
 IndiGo,DEL,BLR,07-Jun,13:10,18:00,4h 50,1, NAG,8655
 GoAir,DEL,BLR,07-Jun,16:00,20:55,4h 55,1, VNS,8588
 GoAir,DEL,BLR,07-Jun,02:40,07:40,5h,1, BOM,8588
 Air India,DEL,BLR,07-Jun,17:15,20:15,3h,0,,14376
 IndiGo,DEL,BLR,07-Jun,05:15,10:15,5h,1, NAG,8655
 AirAsia India,DEL,BLR,07-Jun,15:30,20:45,5h 15,1, PNQ,8387
 IndiGo,DEL,BLR,07-Jun,06:50,12:05,5h 15,1, RPR,8655
 IndiGo,DEL,BLR,07-Jun,15:15,20:30,5h 15,1, RPR,8745
 IndiGo,DEL,BLR,07-Jun,15:00,19:20,4h 20,1, HYD,10950
 IndiGo,DEL,BLR,07-Jun,21:05,02:35,5h 30,1, PNQ,8655
 GoAir,DEL,BLR,07-Jun,10:40,15:05,4h 25,1, GOI,11369
 IndiGo,DEL,BLR,07-Jun,12:45,17:55,5h 10,1, HYD,9811
 Hahn Air Systems,DEL,BLR,07-Jun,20:00,22:30,2h 30,0,,20324
 GoAir,DEL,BLR,07-Jun,15:45,21:45,6h,1, BOM,8588
 GoAir,DEL,BLR,07-Jun,18:20,00:20,6h,1, PNQ,8588
 IndiGo,DEL,BLR,07-Jun,17:55,23:55,6h,1, PNQ,8655
 GoAir,DEL,BLR,07-Jun,05:30,11:40,6h 10,1, PAT,8588
 IndiGo,DEL,BLR,07-Jun,07:55,13:10,5h 15,1, HYD,10091
 IndiGo,DEL,BLR,07-Jun,08:30,14:25,5h 55,1, JAI,9229
 Vistara,DEL,BLR,07-Jun,18:00,21:50,3h 50,1, IDR,14421
 IndiGo,DEL,BLR,07-Jun,11:15,16:30,5h 15,1, SAG,10564
 IndiGo,DEL,BLR,07-Jun,05:45,12:10,6h 25,1, BHO,8655
 Hahn Air Systems,DEL,BLR,07-Jun,06:05,08:55,2h 50,0,,20324
 AirAsia India,DEL,BLR,07-Jun,06:05,13:00,6h 55,1, VTZ,8387
 IndiGo,DEL,BLR,07-Jun,23:20,06:05,6h 45,1, PNQ,8745
 IndiGo,DEL,BLR,07-Jun,01:50,08:15,6h 25,1, HYD,9229
 Vistara,DEL,BLR,07-Jun,18:10,21:50,3h 40,1, IDR,16164
 IndiGo,DEL,BLR,07-Jun,19:30,01:15,5h 45,1, HYD,10377
 IndiGo,DEL,BLR,07-Jun,06:40,13:10,6h 30,1, HYD,9229
 GoAir,DEL,BLR,07-Jun,09:55,17:05,7h 10,1, IXR,8588
 IndiGo,DEL,BLR,07-Jun,10:10,17:20,7h 10,1, IDR,8745
 Vistara,DEL,BLR,07-Jun,11:10,16:00,4h 50,1, GOI,13100
 Vistara,DEL,BLR,07-Jun,06:00,10:45,4h 45,1, BOM,13405
 AirAsia India,DEL,BLR,07-Jun,17:05,00:50,7h 45,1, GAU,8387
 IndiGo,DEL,BLR,07-Jun,11:15,18:00,6h 45,1, NAG,9652
 Vistara,DEL,BLR,07-Jun,12:50,17:45,4h 55,1, BOM,13405
 AirAsia India,DEL,BLR,07-Jun,14:55,22:55,8h,1, COK,8387
 IndiGo,DEL,BLR,07-Jun,18:00,23:40,5h 40,1, HYD,12098
 AirAsia India,DEL,BLR,07-Jun,07:10,15:25,8h 15,1, GAU,8387
 SpiceJet,DEL,BLR,07-Jun,15:10,23:25,8h 15,1, GOI,8463
 Vistara,DEL,BLR,07-Jun,14:20,19:15,4h 55,1, BOM,14421
 Vistara,DEL,BLR,07-Jun,17:45,23:10,5h 25,1, BOM,13405
 AirAsia India,DEL,BLR,07-Jun,04:55,13:50,8h 55,1, COK,8387
 GoAir,DEL,BLR,07-Jun,08:45,14:25,5h 40,1, VNS,13417
 SpiceJet,DEL,BLR,07-Jun,11:55,21:00,9h 05,1, JRG,8463
 Vistara,DEL,BLR,07-Jun,14:45,19:30,4h 45,1, HYD,16352
 Vistara,DEL,BLR,07-Jun,15:30,20:55,5h 25,1, BOM,14726
 GoAir,DEL,BLR,07-Jun,16:50,22:20,5h 30,1, AMD,15029
 IndiGo,DEL,BLR,07-Jun,15:00,23:40,8h 40,1, HYD,9652
 IndiGo,DEL,BLR,07-Jun,12:45,21:35,8h 50,1, HYD,9652
 SpiceJet,DEL,BLR,07-Jun,09:35,19:30,9h 55,1, PAT,8635
 AirAsia India,DEL,BLR,07-Jun,05:45,15:25,9h 40,1, GAU,8892
 IndiGo,DEL,BLR,07-Jun,13:35,20:40,7h 05,1, PNQ,12296
 Vistara,DEL,BLR,07-Jun,11:40,17:45,6h 05,1, BOM,14502
 Vistara,DEL,BLR,07-Jun,16:45,23:10,6h 25,1, BOM,13980
 IndiGo,DEL,BLR,07-Jun,07:00,16:20,9h 20,1, UDR,9652
 IndiGo,DEL,BLR,07-Jun,09:55,19:20,9h 25,1, HYD,9652
 IndiGo,DEL,BLR,07-Jun,02:00,09:20,7h 20,1, PNQ,12863
 GoAir,DEL,BLR,07-Jun,21:40,08:35,10h 55,1, CCU,8743
 GoAir,DEL,BLR,07-Jun,11:30,20:55,9h 25,1, PAT,10337
 IndiGo,DEL,BLR,07-Jun,13:35,23:55,10h 20,1, PNQ,9652
 IndiGo,DEL,BLR,07-Jun,04:55,15:30,10h 35,1, PNQ,9652
 Vistara,DEL,BLR,07-Jun,10:20,17:45,7h 25,1, BOM,13980
 GoAir,DEL,BLR,07-Jun,09:00,17:25,8h 25,1, BOM,12564
 SpiceJet,DEL,BLR,07-Jun,12:05,23:25,11h 20,1, GOI,9393
 Vistara,DEL,BLR,07-Jun,15:30,23:10,7h 40,1, BOM,13980
 AirAsia India,DEL,BLR,07-Jun,12:40,00:50,12h 10,1, GAU,8892
 SpiceJet,DEL,BLR,07-Jun,06:30,12:55,6h 25,1, IXB,17042
 SpiceJet,DEL,BLR,07-Jun,19:30,08:25,12h 55,1, CCU,8635
 Vistara,DEL,BLR,07-Jun,09:30,17:45,8h 15,1, BOM,13980
 Air India,DEL,BLR,07-Jun,10:00,18:20,8h 20,1, BOM,14064
 AirAsia India,DEL,BLR,07-Jun,16:15,23:10,6h 55,2," VTZ, HYD",16976
 GoAir,DEL,BLR,07-Jun,20:55,06:40,9h 45,1, HYD,12439
 SpiceJet,DEL,BLR,07-Jun,09:20,16:50,7h 30,1, PNQ,16694
 SpiceJet,DEL,BLR,07-Jun,18:25,09:00,14h 35,1, MAA,8635
 Air India,DEL,BLR,07-Jun,10:15,18:20,8h 05,2," VNS, BOM",15811
 Vistara,DEL,BLR,07-Jun,08:50,17:45,8h 55,1, BOM,14502
 SpiceJet,DEL,BLR,07-Jun,18:35,08:25,13h 50,1, CCU,9393
 GoAir,DEL,BLR,07-Jun,10:20,00:20,14h,1, PNQ,10337
 Air India,DEL,BLR,07-Jun,21:15,07:50,10h 35,1, BOM,14064
 Vistara,DEL,BLR,07-Jun,21:30,07:50,10h 20,1, BOM,14421
 Vistara,DEL,BLR,07-Jun,07:30,17:45,10h 15,1, BOM,15024
 Air India,DEL,BLR,07-Jun,07:00,18:20,11h 20,1, BOM,14493
 SpiceJet,DEL,BLR,07-Jun,06:40,19:25,12h 45,1, JLR,12938
 Vistara,DEL,BLR,07-Jun,11:45,21:45,10h,1, CJB,16951
 Vistara,DEL,BLR,07-Jun,18:55,07:50,12h 55,1, BOM,13405
 AirAsia India,DEL,BLR,07-Jun,12:50,21:40,8h 50,2," GOI, HYD",20463
 Vistara,DEL,BLR,07-Jun,19:45,07:50,12h 05,1, BOM,15024
 Air India,DEL,BLR,07-Jun,19:00,07:50,12h 50,1, BOM,14460
 Vistara,DEL,BLR,07-Jun,21:20,08:50,11h 30,2," AMD, BOM",16182
 AirAsia India,DEL,BLR,07-Jun,10:05,18:10,8h 05,2," IXB, CCU",23740
 AirAsia India,DEL,BLR,07-Jun,12:40,23:30,10h 50,2," GAU, MAA",17921
 GoAir,DEL,BLR,07-Jun,20:05,10:10,14h 05,1, AMD,13933
 SpiceJet,DEL,BLR,07-Jun,14:00,12:20,22h 20,1, DBR,8793
 Air India,DEL,BLR,07-Jun,17:55,07:50,13h 55,2," IXU, BOM",14133
 Vistara,DEL,BLR,07-Jun,05:55,21:50,15h 55,1, IDR,12519
 AirAsia India,DEL,BLR,07-Jun,12:50,23:10,10h 20,2," GOI, HYD",19421
 Vistara,DEL,BLR,07-Jun,20:35,08:45,12h 10,1, HYD,16794
 SpiceJet,DEL,BLR,07-Jun,14:50,14:35,23h 45,1, SAG,8793
 AirAsia India,DEL,BLR,07-Jun,10:40,21:40,11h,2," GOI, HYD",20874
 AirAsia India,DEL,BLR,07-Jun,10:40,23:10,12h 30,2," GOI, HYD",19421
 Vistara,DEL,BLR,07-Jun,07:05,17:45,10h 40,2," HYD, BOM",22779
 Hahn Air Systems,DEL,BLR,07-Jun,06:30,12:55,6h 25,1, IXB,40280
 SpiceJet,DEL,BLR,07-Jun,08:45,09:00,24h 15,1, MAA,10714
 SpiceJet,DEL,BLR,07-Jun,07:05,08:25,25h 20,1, CCU,10358
 Vistara,DEL,BLR,07-Jun,17:50,07:50,14h,2," BBI, BOM",19308
 Vistara,DEL,BLR,07-Jun,17:30,07:50,14h 20,2," CCU, BOM",19923
 Hahn Air Systems,DEL,BLR,07-Jun,09:20,16:50,7h 30,1, PNQ,38785
 AirAsia India,DEL,BLR,07-Jun,07:10,23:30,16h 20,2," GAU, MAA",18476
 Hahn Air Systems,DEL,BLR,07-Jun,15:10,23:25,8h 15,1, GOI,37056
 Vistara,DEL,BLR,07-Jun,07:30,23:10,15h 40,2," CCU, BOM",19923
 SpiceJet,DEL,BLR,07-Jun,17:05,16:50,23h 45,1, PNQ,13318
 Air India,DEL,BLR,07-Jun,11:10,07:50,20h 40,2," BBI, BOM",15800
 AirAsia India,DEL,BLR,07-Jun,05:45,23:30,17h 45,2," GAU, MAA",18476
 Emirates,DEL,BLR,07-Jun,16:15,03:00,10h 45,1, DXB,31661
 AirAsia India,DEL,BLR,07-Jun,05:10,21:40,16h 30,2," GOI, HYD",20874
 Hahn Air Systems,DEL,BLR,07-Jun,11:55,21:00,9h 05,1, JRG,37994
 Vistara,DEL,BLR,07-Jun,14:45,07:50,17h 05,2," HYD, BOM",21079
 Hahn Air Systems,DEL,BLR,07-Jun,09:35,19:30,9h 55,1, PAT,37875
 Air India,DEL,BLR,07-Jun,08:00,11:10,27h 10,1, BOM,14493
 Air India,DEL,BLR,07-Jun,15:05,18:20,27h 15,2," IDR, BOM",14493
 Vistara,DEL,BLR,07-Jun,07:30,16:00,8h 30,2," BOM, GOI",47490
 SpiceJet,DEL,BLR,07-Jun,13:05,12:55,23h 50,1, IXB,17918
 Vistara,DEL,BLR,07-Jun,17:10,17:45,24h 35,2," IXC, BOM",17532
 Emirates,DEL,BLR,07-Jun,21:50,09:05,11h 15,1, DXB,38737
 Vistara,DEL,BLR,07-Jun,15:20,16:20,25h,1, GAU,18120
 Vistara,DEL,BLR,07-Jun,07:00,07:50,24h 50,2," BBI, BOM",18258
 Air India,DEL,BLR,07-Jun,08:40,18:20,33h 40,2," BHO, BOM",13498
 Vistara,DEL,BLR,07-Jun,06:00,16:00,10h,2," BOM, GOI",46299
 Hahn Air Systems,DEL,BLR,07-Jun,06:40,19:25,12h 45,1, JLR,36497
 Hahn Air Systems,DEL,BLR,07-Jun,19:30,08:25,12h 55,1, CCU,36479
 Emirates,DEL,BLR,07-Jun,16:15,09:05,16h 50,1, DXB,29764
 Vistara,DEL,BLR,07-Jun,14:10,23:10,9h,2," SXR, BOM",57005
 Vistara,DEL,BLR,07-Jun,05:55,18:15,12h 20,2," IDR, BOM",44163
 Air India,DEL,BLR,07-Jun,05:15,18:20,13h 05,2," NAG, BOM",41671
 Air India,DEL,BLR,07-Jun,22:00,11:10,13h 10,2," GOI, BOM",43110
 Vistara,DEL,BLR,07-Jun,18:10,07:50,13h 40,2," AMD, BOM",42811
 Vistara,DEL,BLR,07-Jun,08:50,21:45,12h 55,2," BOM, CJB",46179
 Vistara,DEL,BLR,07-Jun,17:45,08:45,15h,2," BOM, HYD",45261
 Vistara,DEL,BLR,07-Jun,06:00,21:45,15h 45,2," BOM, CJB",45583
 Hahn Air Systems,DEL,BLR,07-Jun,18:25,09:00,14h 35,1, MAA,58498
 Emirates,DEL,BLR,07-Jun,04:15,19:20,15h 05,1, DXB,60862
 Oman Air,DEL,BLR,07-Jun,16:00,07:40,15h 40,1, MCT,60621
 Vistara + Qatar Airways,DEL,BLR,07-Jun,14:20,03:10,12h 50,2," BOM, DOH",75641
 Qatar Airways + Vistara,DEL,BLR,07-Jun,04:10,17:45,13h 35,2," DOH, BOM",76045
 Vistara + Qatar Airways,DEL,BLR,07-Jun,12:50,03:10,14h 20,2," BOM, DOH",75641
 Vistara + Qatar Airways,DEL,BLR,07-Jun,11:40,03:10,15h 30,2," BOM, DOH",75641
 Hahn Air Systems,DEL,BLR,07-Jun,07:20,23:25,16h 05,2," BOM, GOI",73737
 Qatar Airways,DEL,BLR,07-Jun,10:35,03:10,16h 35,1, DOH,71635
 Vistara + Qatar Airways,DEL,BLR,07-Jun,10:20,03:10,16h 50,2," BOM, DOH",75641
 Qatar Airways,DEL,BLR,07-Jun,10:35,02:25,15h 50,1, DOH,81694
 Qatar Airways + Vistara,DEL,BLR,07-Jun,03:25,17:45,14h 20,2," DOH, BOM",92515
 Qatar Airways,DEL,BLR,07-Jun,04:10,03:10,23h,1, DOH,59949
 Qatar Airways,DEL,BLR,07-Jun,04:10,02:25,22h 15,1, DOH,70003
 Qatar Airways,DEL,BLR,07-Jun,22:00,03:10,29h 10,1, DOH,60442
 Qatar Airways,DEL,BLR,07-Jun,03:25,03:10,23h 45,1, DOH,76418
 Qatar Airways,DEL,BLR,07-Jun,03:25,02:25,23h,1, DOH,86477
 Qatar Airways,DEL,BLR,07-Jun,22:00,02:25,28h 25,1, DOH,76014
 GoAir,BLR,BOM,07-Jun,17:45,19:30,1h 45,0,,4748
 GoAir,BLR,BOM,07-Jun,21:30,23:30,2h,0,,4384
 IndiGo,BLR,BOM,07-Jun,10:00,11:35,1h 35,0,,6577
 GoAir,BLR,BOM,07-Jun,08:15,10:05,1h 50,0,,5965
 IndiGo,BLR,BOM,07-Jun,12:20,13:50,1h 30,0,,7073
 IndiGo,BLR,BOM,07-Jun,06:00,07:35,1h 35,0,,6252
 IndiGo,BLR,BOM,07-Jun,19:35,21:10,1h 35,0,,6577
 IndiGo,BLR,BOM,07-Jun,22:55,00:30,1h 35,0,,6252
 Vistara,BLR,BOM,07-Jun,10:15,12:00,1h 45,0,,6454
 Vistara,BLR,BOM,07-Jun,06:40,08:15,1h 35,0,,6454
 IndiGo,BLR,BOM,07-Jun,08:20,10:00,1h 40,0,,6577
 IndiGo,BLR,BOM,07-Jun,04:40,06:15,1h 35,0,,6252
 IndiGo,BLR,BOM,07-Jun,17:50,19:30,1h 40,0,,6577
 Vistara,BLR,BOM,07-Jun,08:30,10:15,1h 45,0,,6455
 IndiGo,BLR,BOM,07-Jun,21:25,23:00,1h 35,0,,6577
 Vistara,BLR,BOM,07-Jun,21:40,23:25,1h 45,0,,6454
 IndiGo,BLR,BOM,07-Jun,16:50,18:30,1h 40,0,,6781
 Vistara,BLR,BOM,07-Jun,19:55,21:50,1h 55,0,,6447
 AirAsia India,BLR,BOM,07-Jun,19:30,21:20,1h 50,0,,6464
 AirAsia India,BLR,BOM,07-Jun,22:40,00:20,1h 40,0,,6204
 Vistara,BLR,BOM,07-Jun,09:30,11:25,1h 55,0,,6454
 AirAsia India,BLR,BOM,07-Jun,05:35,07:15,1h 40,0,,6464
 IndiGo,BLR,BOM,07-Jun,07:00,08:50,1h 50,0,,6577
 AirAsia India,BLR,BOM,07-Jun,18:45,20:40,1h 55,0,,6464
 Air India,BLR,BOM,07-Jun,06:45,08:35,1h 50,0,,6765
 Vistara,BLR,BOM,07-Jun,18:55,20:40,1h 45,0,,7319
 Air India,BLR,BOM,07-Jun,19:10,21:05,1h 55,0,,6765
 Vistara,BLR,BOM,07-Jun,18:25,20:15,1h 50,0,,7319
 IndiGo,BLR,BOM,07-Jun,14:05,15:35,1h 30,0,,9013
 Air India,BLR,BOM,07-Jun,08:20,10:35,2h 15,0,,6765
 Flexflight,BLR,BOM,07-Jun,17:45,19:30,1h 45,0,,9413
 Flexflight,BLR,BOM,07-Jun,08:15,10:05,1h 50,0,,9413
 Flexflight,BLR,BOM,07-Jun,21:30,23:30,2h,0,,9413
 IndiGo,BLR,BOM,07-Jun,21:40,01:30,3h 50,1, GOI,6876
 GoAir,BLR,BOM,07-Jun,15:45,19:50,4h 05,1, GOI,7060
 IndiGo,BLR,BOM,07-Jun,05:15,09:45,4h 30,1, HYD,6876
 IndiGo,BLR,BOM,07-Jun,18:50,23:10,4h 20,1, HYD,7219
 IndiGo,BLR,BOM,07-Jun,07:00,11:40,4h 40,1, MAA,6876
 IndiGo,BLR,BOM,07-Jun,07:10,12:10,5h,1, HYD,6876
 IndiGo,BLR,BOM,07-Jun,17:25,22:30,5h 05,1, MAA,6876
 IndiGo,BLR,BOM,07-Jun,09:35,14:45,5h 10,1, MAA,6876
 IndiGo,BLR,BOM,07-Jun,08:05,13:40,5h 35,1, MAA,6876
 IndiGo,BLR,BOM,07-Jun,14:50,19:55,5h 05,1, MAA,7905
 IndiGo,BLR,BOM,07-Jun,10:15,14:45,4h 30,1, HYD,8982
 IndiGo,BLR,BOM,07-Jun,18:25,23:15,4h 50,1, CJB,8733
 IndiGo,BLR,BOM,07-Jun,14:50,21:20,6h 30,1, MAA,6876
 IndiGo,BLR,BOM,07-Jun,13:00,17:55,4h 55,1, GOI,9344
 IndiGo,BLR,BOM,07-Jun,19:25,01:30,6h 05,1, GOI,7614
 AirAsia India,BLR,BOM,07-Jun,23:40,07:05,7h 25,1, GOI,6504
 IndiGo,BLR,BOM,07-Jun,15:45,23:10,7h 25,1, HYD,6876
 IndiGo,BLR,BOM,07-Jun,22:10,05:40,7h 30,1, HYD,6876
 GoAir,BLR,BOM,07-Jun,21:30,04:50,7h 20,1, DEL,7060
 IndiGo,BLR,BOM,07-Jun,00:35,08:15,7h 40,1, GOI,6876
 IndiGo,BLR,BOM,07-Jun,15:45,20:45,5h,1, HYD,10567
 IndiGo,BLR,BOM,07-Jun,06:15,14:25,8h 10,1, HBX,6876
 SpiceJet,BLR,BOM,07-Jun,20:05,05:15,9h 10,1, GOI,6187
 GoAir,BLR,BOM,07-Jun,05:20,10:20,5h,1, AMD,11875
 IndiGo,BLR,BOM,07-Jun,12:35,19:15,6h 40,1, HYD,8982
 AirAsia India,BLR,BOM,07-Jun,13:40,19:15,5h 35,1, GOI,10886
 IndiGo,BLR,BOM,07-Jun,08:55,14:45,5h 50,1, HYD,10512
 Air India,BLR,BOM,07-Jun,10:00,16:15,6h 15,1, DEL,9879
 GoAir,BLR,BOM,07-Jun,17:15,02:00,8h 45,1, AMD,7060
 Air India,BLR,BOM,07-Jun,06:10,12:35,6h 25,1, DEL,9879
 GoAir,BLR,BOM,07-Jun,12:20,21:20,9h,1, LKO,7060
 Vistara,BLR,BOM,07-Jun,07:45,14:30,6h 45,1, HYD,9637
 Air India,BLR,BOM,07-Jun,17:10,23:35,6h 25,1, DEL,10847
 Vistara,BLR,BOM,07-Jun,08:00,14:00,6h,1, DEL,12930
 AirAsia India,BLR,BOM,07-Jun,13:40,23:45,10h 05,1, GOI,7717
 Vistara,BLR,BOM,07-Jun,17:45,23:30,5h 45,1, DEL,13676
 IndiGo,BLR,BOM,07-Jun,06:35,14:30,7h 55,1, GOI,10099
 Air India,BLR,BOM,07-Jun,10:00,18:10,8h 10,2," DEL, IDR",9930
 Vistara,BLR,BOM,07-Jun,11:30,17:40,6h 10,1, DEL,13682
 GoAir,BLR,BOM,07-Jun,05:45,16:10,10h 25,1, DEL,8203
 IndiGo,BLR,BOM,07-Jun,09:55,15:20,5h 25,1, COK,17409
 AirAsia India,BLR,BOM,07-Jun,04:35,19:15,14h 40,1, GOI,6504
 Vistara,BLR,BOM,07-Jun,07:00,15:00,8h,1, DEL,12140
 Vistara,BLR,BOM,07-Jun,07:00,14:00,7h,1, DEL,13922
 Vistara,BLR,BOM,07-Jun,09:45,16:30,6h 45,1, DEL,14892
 Vistara,BLR,BOM,07-Jun,09:45,17:40,7h 55,1, DEL,13171
 AirAsia India,BLR,BOM,07-Jun,16:15,23:45,7h 30,2," HYD, GOI",14717
 GoAir,BLR,BOM,07-Jun,18:35,07:25,12h 50,1, HYD,8710
 Vistara,BLR,BOM,07-Jun,07:10,16:15,9h 05,1, CJB,12340
 SpiceJet,BLR,BOM,07-Jun,05:45,23:55,18h 10,1, MAA,6187
 Air India,BLR,BOM,07-Jun,21:20,09:05,11h 45,1, DEL,9879
 GoAir,BLR,BOM,07-Jun,11:50,20:55,9h 05,1, IXR,13116
 Vistara,BLR,BOM,07-Jun,20:10,08:40,12h 30,1, HYD,9637
 Vistara,BLR,BOM,07-Jun,21:15,08:00,10h 45,1, DEL,12617
 GoAir,BLR,BOM,07-Jun,09:05,17:45,8h 40,1, VNS,16396
 GoAir,BLR,BOM,07-Jun,09:10,17:45,8h 35,1, VNS,17063
 Vistara,BLR,BOM,07-Jun,08:00,20:05,12h 05,1, DEL,12170
 AirAsia India,BLR,BOM,07-Jun,14:25,23:45,9h 20,2," HYD, GOI",15796
 Vistara,BLR,BOM,07-Jun,07:45,16:30,8h 45,2," HYD, DEL",19647
 Air India,BLR,BOM,07-Jun,06:10,17:15,11h 05,2," DEL, BBI",16681
 GoAir,BLR,BOM,07-Jun,07:15,21:20,14h 05,1, CCU,13664
 GoAir,BLR,BOM,07-Jun,09:15,00:50,15h 35,1, JAI,13981
 Vistara,BLR,BOM,07-Jun,17:45,06:15,12h 30,2," DEL, AMD",18441
 Vistara,BLR,BOM,07-Jun,11:30,23:30,12h,2," DEL, BBI",20342
 Hahn Air Systems,BLR,BOM,07-Jun,12:50,18:55,6h 05,1, DBR,41028
 Vistara,BLR,BOM,07-Jun,17:30,15:50,22h 20,1, IDR,12100
 Vistara,BLR,BOM,07-Jun,17:30,08:00,14h 30,2," IDR, DEL",18757
 Vistara,BLR,BOM,07-Jun,19:25,16:15,20h 50,1, CJB,13408
 Vistara,BLR,BOM,07-Jun,12:45,14:45,26h,1, GOI,10994
 Hahn Air Systems,BLR,BOM,07-Jun,17:30,01:20,7h 50,1, CCU,38038
 Air India,BLR,BOM,07-Jun,21:20,16:25,19h 05,3," DEL, RPR, VTZ",15770
 Hahn Air Systems,BLR,BOM,07-Jun,20:05,05:15,9h 10,1, GOI,33802
 Vistara,BLR,BOM,07-Jun,21:15,15:50,18h 35,2," DEL, IDR",17187
 Hahn Air Systems,BLR,BOM,07-Jun,09:35,18:00,8h 25,1, DBR,41028
 Air India,BLR,BOM,07-Jun,21:20,16:25,19h 05,2," DEL, LKO",18435
 Hahn Air Systems,BLR,BOM,07-Jun,06:05,14:30,8h 25,1, IXB,42024
 Vistara,BLR,BOM,07-Jun,09:45,06:15,20h 30,2," DEL, AMD",18026
 SpiceJet,BLR,BOM,07-Jun,09:25,10:35,25h 10,1, JLR,14929
 Hahn Air Systems,BLR,BOM,07-Jun,21:50,09:35,11h 45,1, DEL,39118
 Air India,BLR,BOM,07-Jun,06:10,16:35,10h 25,2," DEL, GOI",46504
 Vistara,BLR,BOM,07-Jun,11:30,23:05,11h 35,2," DEL, AMD",46351
 Vistara,BLR,BOM,07-Jun,09:45,19:00,9h 15,2," DEL, SXR",59645
 Hahn Air Systems,BLR,BOM,07-Jun,05:55,21:10,15h 15,1, DEL,39503
 Singapore Airlines,BLR,BOM,07-Jun,23:05,10:30,11h 25,1, SIN,53408
 Hahn Air Systems,BLR,BOM,07-Jun,05:45,23:55,18h 10,1, MAA,36066
 Air India,BLR,BOM,07-Jun,17:10,08:05,14h 55,2," DEL, GOI",46095
 Hahn Air Systems,BLR,BOM,07-Jun,09:15,18:50,9h 35,2," PNQ, GOI",73887
 Hahn Air Systems,BLR,BOM,07-Jun,13:30,13:40,24h 10,1, PAT,39034
 Hahn Air Systems,BLR,BOM,07-Jun,09:25,10:35,25h 10,1, JLR,37955
 Hahn Air Systems,BLR,BOM,07-Jun,21:50,13:35,15h 45,2," DEL, SXR",78804
 GoAir,DEL,HYD,07-Jun,09:10,11:20,2h 10,0,,7135
 GoAir,DEL,HYD,07-Jun,20:55,23:10,2h 15,0,,7359
 IndiGo,DEL,HYD,07-Jun,15:00,16:55,1h 55,0,,9577
 IndiGo,DEL,HYD,07-Jun,12:45,14:50,2h 05,0,,8920
 IndiGo,DEL,HYD,07-Jun,09:55,12:05,2h 10,0,,8605
 IndiGo,DEL,HYD,07-Jun,13:25,15:30,2h 05,0,,9550
 IndiGo,DEL,HYD,07-Jun,01:50,04:00,2h 10,0,,9235
 IndiGo,DEL,HYD,07-Jun,07:55,10:15,2h 20,0,,8605
 IndiGo,DEL,HYD,07-Jun,06:40,09:00,2h 20,0,,8920
 IndiGo,DEL,HYD,07-Jun,21:15,23:25,2h 10,0,,9704
 SpiceJet,DEL,HYD,07-Jun,21:55,00:15,2h 20,0,,9288
 IndiGo,DEL,HYD,07-Jun,19:30,21:40,2h 10,0,,10180
 IndiGo,DEL,HYD,07-Jun,18:00,20:10,2h 10,0,,10180
 Air India,DEL,HYD,07-Jun,21:30,23:45,2h 15,0,,10439
 Vistara,DEL,HYD,07-Jun,07:05,09:15,2h 10,0,,11470
 Vistara,DEL,HYD,07-Jun,20:35,22:55,2h 20,0,,10945
 Vistara,DEL,HYD,07-Jun,10:25,12:40,2h 15,0,,11470
 Vistara,DEL,HYD,07-Jun,14:45,17:00,2h 15,0,,11964
 Flexflight,DEL,HYD,07-Jun,09:10,11:20,2h 10,0,,12643
 Air India,DEL,HYD,07-Jun,09:45,11:50,2h 05,0,,15204
 Flexflight,DEL,HYD,07-Jun,20:55,23:10,2h 15,0,,14140
 Vistara,DEL,HYD,07-Jun,17:35,19:50,2h 15,0,,15347
 Air India,DEL,HYD,07-Jun,16:50,19:10,2h 20,0,,15359
 AirAsia India,DEL,HYD,07-Jun,16:15,20:00,3h 45,1, VTZ,10550
 GoAir,DEL,HYD,07-Jun,05:45,11:20,5h 35,1, CCU,7903
 GoAir,DEL,HYD,07-Jun,14:00,19:50,5h 50,1, BOM,7903
 Hahn Air Systems,DEL,HYD,07-Jun,21:55,00:15,2h 20,0,,20009
 SpiceJet,DEL,HYD,07-Jun,14:50,18:55,4h 05,1, SAG,11747
 IndiGo,DEL,HYD,07-Jun,11:55,16:30,4h 35,1, RPR,10600
 Air India,DEL,HYD,07-Jun,07:10,09:25,2h 15,0,,23422
 IndiGo,DEL,HYD,07-Jun,06:50,12:35,5h 45,1, RPR,9970
 SpiceJet,DEL,HYD,07-Jun,15:10,22:40,7h 30,1, GOI,7894
 AirAsia India,DEL,HYD,07-Jun,08:10,14:40,6h 30,1, BLR,9132
 AirAsia India,DEL,HYD,07-Jun,12:50,19:45,6h 55,1, GOI,9132
 IndiGo,DEL,HYD,07-Jun,11:15,16:45,5h 30,1, SAG,11788
 Vistara,DEL,HYD,07-Jun,17:45,22:40,4h 55,1, BOM,13699
 IndiGo,DEL,HYD,07-Jun,05:20,10:35,5h 15,1, IDR,13027
 Vistara,DEL,HYD,07-Jun,16:05,21:10,5h 05,1, BLR,13519
 Vistara,DEL,HYD,07-Jun,15:30,20:55,5h 25,1, BOM,12833
 AirAsia India,DEL,HYD,07-Jun,12:50,21:25,8h 35,1, GOI,8224
 SpiceJet,DEL,HYD,07-Jun,11:55,21:00,9h 05,1, JRG,7894
 Vistara,DEL,HYD,07-Jun,07:30,12:15,4h 45,1, BOM,15128
 GoAir,DEL,HYD,07-Jun,14:00,23:55,9h 55,2," BOM, COK",7903
 IndiGo,DEL,HYD,07-Jun,13:00,19:55,6h 55,1, JAI,11367
 IndiGo,DEL,HYD,07-Jun,15:15,22:20,7h 05,1, RPR,11276
 Vistara,DEL,HYD,07-Jun,06:00,12:15,6h 15,1, BOM,13172
 IndiGo,DEL,HYD,07-Jun,15:50,22:15,6h 25,1, LKO,13015
 IndiGo,DEL,HYD,07-Jun,05:30,12:00,6h 30,1, LKO,12886
 Air India,DEL,HYD,07-Jun,15:05,21:40,6h 35,2," IDR, BOM",12926
 Vistara,DEL,HYD,07-Jun,16:45,22:40,5h 55,1, BOM,14631
 SpiceJet,DEL,HYD,07-Jun,12:05,22:40,10h 35,1, GOI,8553
 Vistara,DEL,HYD,07-Jun,14:20,20:55,6h 35,1, BOM,13876
 AirAsia India,DEL,HYD,07-Jun,13:00,19:45,6h 45,2," BOM, GOI",13833
 AirAsia India,DEL,HYD,07-Jun,10:40,21:25,10h 45,1, GOI,8700
 IndiGo,DEL,HYD,07-Jun,10:10,18:10,8h,1, IDR,11872
 IndiGo,DEL,HYD,07-Jun,05:20,13:30,8h 10,1, IDR,11872
 GoAir,DEL,HYD,07-Jun,09:00,19:50,10h 50,1, BOM,9117
 Air India,DEL,HYD,07-Jun,14:00,21:40,7h 40,1, BOM,12926
 Vistara,DEL,HYD,07-Jun,12:50,20:55,8h 05,1, BOM,12833
 IndiGo,DEL,HYD,07-Jun,21:05,06:55,9h 50,1, JAI,10915
 SpiceJet,DEL,HYD,07-Jun,19:55,09:40,13h 45,1, GOI,7894
 IndiGo,DEL,HYD,07-Jun,05:45,15:55,10h 10,1, BHO,11073
 AirAsia India,DEL,HYD,07-Jun,06:05,20:00,13h 55,1, VTZ,8224
 Vistara,DEL,HYD,07-Jun,14:15,21:10,6h 55,1, BLR,17280
 GoAir,DEL,HYD,07-Jun,21:40,11:20,13h 40,1, CCU,8962
 Vistara,DEL,HYD,07-Jun,11:40,20:55,9h 15,1, BOM,13354
 AirAsia India,DEL,HYD,07-Jun,18:45,08:45,14h,1, BLR,9132
 IndiGo,DEL,HYD,07-Jun,12:45,22:15,9h 30,1, LKO,13549
 AirAsia India,DEL,HYD,07-Jun,10:40,19:45,9h 05,1, GOI,14356
 Vistara,DEL,HYD,07-Jun,10:20,20:55,10h 35,1, BOM,12833
 Vistara,DEL,HYD,07-Jun,09:30,20:55,11h 25,1, BOM,12833
 AirAsia India,DEL,HYD,07-Jun,05:10,19:45,14h 35,1, GOI,10527
 Hahn Air Systems,DEL,HYD,07-Jun,14:50,18:55,4h 05,1, SAG,38370
 Vistara,DEL,HYD,07-Jun,08:50,20:55,12h 05,1, BOM,13354
 GoAir,DEL,HYD,07-Jun,05:50,19:45,13h 55,1, BLR,12213
 Vistara,DEL,HYD,07-Jun,21:30,07:50,10h 20,1, BOM,17464
 Vistara,DEL,HYD,07-Jun,06:00,20:55,14h 55,1, BOM,12352
 Vistara,DEL,HYD,07-Jun,07:30,20:55,13h 25,1, BOM,13876
 Vistara,DEL,HYD,07-Jun,20:40,08:55,12h 15,1, BLR,15232
 Vistara,DEL,HYD,07-Jun,06:15,21:10,14h 55,1, BLR,13434
 AirAsia India,DEL,HYD,07-Jun,04:55,15:40,10h 45,2," COK, BLR",18912
 Vistara,DEL,HYD,07-Jun,08:05,21:10,13h 05,1, BLR,15545
 Vistara,DEL,HYD,07-Jun,21:30,12:15,14h 45,1, BOM,13876
 Vistara,DEL,HYD,07-Jun,18:55,07:50,12h 55,1, BOM,16260
 Vistara,DEL,HYD,07-Jun,21:20,12:15,14h 55,2," AMD, BOM",14232
 Vistara,DEL,HYD,07-Jun,19:45,12:15,16h 30,1, BOM,13045
 Vistara,DEL,HYD,07-Jun,05:55,20:55,15h,2," IDR, BOM",14464
 Vistara,DEL,HYD,07-Jun,18:55,12:15,17h 20,1, BOM,12833
 Air India,DEL,HYD,07-Jun,06:50,21:15,14h 25,1, CCU,15876
 Vistara,DEL,HYD,07-Jun,20:40,12:15,15h 35,1, BOM,14919
 Vistara,DEL,HYD,07-Jun,17:45,12:15,18h 30,1, BOM,12833
 Vistara,DEL,HYD,07-Jun,16:45,12:15,19h 30,1, BOM,12833
 Vistara,DEL,HYD,07-Jun,06:15,20:55,14h 40,2," BLR, BOM",18159
 Vistara,DEL,HYD,07-Jun,18:10,12:15,18h 05,2," AMD, BOM",15275
 Air India,DEL,HYD,07-Jun,05:15,21:40,16h 25,2," NAG, BOM",16855
 Hahn Air Systems,DEL,HYD,07-Jun,15:10,22:40,7h 30,1, GOI,37056
 Vistara,DEL,HYD,07-Jun,14:20,21:10,6h 50,2," BOM, BLR",46776
 Vistara,DEL,HYD,07-Jun,13:20,20:55,7h 35,2," VNS, BOM",42767
 Vistara,DEL,HYD,07-Jun,17:10,17:30,24h 20,1, IXC,13381
 Air India,DEL,HYD,07-Jun,21:15,21:40,24h 25,1, BOM,13524
 Hahn Air Systems,DEL,HYD,07-Jun,11:55,21:00,9h 05,1, JRG,37259
 Vistara,DEL,HYD,07-Jun,20:40,21:10,24h 30,1, BLR,14502
 Hahn Air Systems,DEL,HYD,07-Jun,06:00,16:10,10h 10,1, IXG,35144
 Vistara,DEL,HYD,07-Jun,12:50,21:10,8h 20,2," BOM, BLR",45583
 Air India,DEL,HYD,07-Jun,20:15,21:15,25h,1, CCU,15363
 Air India,DEL,HYD,07-Jun,20:00,21:40,25h 40,1, BOM,15191
 Vistara,DEL,HYD,07-Jun,14:15,22:40,8h 25,2," BLR, BOM",49744
 Air India,DEL,HYD,07-Jun,08:40,21:40,37h,2," BHO, BOM",12120
 Vistara,DEL,HYD,07-Jun,13:20,20:55,31h 35,2," UDR, BOM",15174
 Hahn Air Systems,DEL,HYD,07-Jun,19:55,09:40,13h 45,1, GOI,37056
 Vistara,DEL,HYD,07-Jun,18:10,07:50,13h 40,2," AMD, BOM",45261
 Hahn Air Systems,DEL,HYD,07-Jun,16:25,12:15,19h 50,1, KQH,36209
 Emirates,DEL,HYD,07-Jun,21:50,08:25,10h 35,1, DXB,69702
 Qatar Airways,DEL,HYD,07-Jun,22:00,08:30,10h 30,1, DOH,80969
 Emirates,DEL,HYD,07-Jun,16:15,08:25,16h 10,1, DXB,55542
 Hahn Air Systems,DEL,HYD,07-Jun,07:20,20:20,13h,2," BOM, TIR",77269
 Hahn Air Systems,DEL,HYD,07-Jun,07:20,22:40,15h 20,2," BOM, GOI",73737
 SpiceJet,DEL,GOI,07-Jun,12:05,14:25,2h 20,0,,7796
 SpiceJet,DEL,GOI,07-Jun,15:10,17:40,2h 30,0,,7796
 AirAsia India,DEL,GOI,07-Jun,12:50,15:25,2h 35,0,,7720
 IndiGo,DEL,GOI,07-Jun,16:20,18:40,2h 20,0,,8459
 IndiGo,DEL,GOI,07-Jun,11:00,13:25,2h 25,0,,8459
 AirAsia India,DEL,GOI,07-Jun,10:40,13:20,2h 40,0,,7720
 GoAir,DEL,GOI,07-Jun,10:40,13:20,2h 40,0,,7910
 SpiceJet,DEL,GOI,07-Jun,19:55,22:30,2h 35,0,,7796
 IndiGo,DEL,GOI,07-Jun,10:00,12:30,2h 30,0,,8459
 Vistara,DEL,GOI,07-Jun,18:40,21:20,2h 40,0,,7744
 Vistara,DEL,GOI,07-Jun,11:10,13:50,2h 40,0,,8284
 AirAsia India,DEL,GOI,07-Jun,05:10,07:50,2h 40,0,,7720
 IndiGo,DEL,GOI,07-Jun,12:15,14:50,2h 35,0,,8459
 Air India,DEL,GOI,07-Jun,10:45,13:35,2h 50,0,,8576
 IndiGo,DEL,GOI,07-Jun,19:00,21:30,2h 30,0,,8459
 AirAsia India,DEL,GOI,07-Jun,20:00,22:35,2h 35,0,,8320
 Air India,DEL,GOI,07-Jun,22:00,00:40,2h 40,0,,8576
 IndiGo,DEL,GOI,07-Jun,08:00,12:40,4h 40,1, BOM,8663
 AirAsia India,DEL,GOI,07-Jun,13:00,17:15,4h 15,1, BOM,8633
 IndiGo,DEL,GOI,07-Jun,12:45,17:35,4h 50,1, HYD,9235
 IndiGo,DEL,GOI,07-Jun,12:45,18:00,5h 15,1, LKO,8663
 GoAir,DEL,GOI,07-Jun,18:45,23:30,4h 45,1, BOM,8743
 IndiGo,DEL,GOI,07-Jun,01:50,06:50,5h,1, HYD,9235
 IndiGo,DEL,GOI,07-Jun,18:10,23:20,5h 10,1, BOM,8663
 IndiGo,DEL,GOI,07-Jun,17:20,22:35,5h 15,1, AMD,8663
 IndiGo,DEL,GOI,07-Jun,02:25,07:45,5h 20,1, BLR,8663
 SpiceJet,DEL,GOI,07-Jun,21:40,03:15,5h 35,1, BOM,8447
 SpiceJet,DEL,GOI,07-Jun,07:20,12:55,5h 35,1, BOM,8447
 Hahn Air Systems,DEL,GOI,07-Jun,12:05,14:25,2h 20,0,,20324
 AirAsia India,DEL,GOI,07-Jun,09:35,14:45,5h 10,1, BLR,9395
 IndiGo,DEL,GOI,07-Jun,07:20,12:40,5h 20,1, BOM,9244
 IndiGo,DEL,GOI,07-Jun,20:10,01:55,5h 45,1, BLR,8663
 IndiGo,DEL,GOI,07-Jun,21:05,02:50,5h 45,1, JAI,8663
 GoAir,DEL,GOI,07-Jun,07:00,12:45,5h 45,1, BOM,8743
 Hahn Air Systems,DEL,GOI,07-Jun,15:10,17:40,2h 30,0,,20324
 IndiGo,DEL,GOI,07-Jun,17:25,22:40,5h 15,1, BLR,9808
 IndiGo,DEL,GOI,07-Jun,15:20,20:40,5h 20,1, BLR,9808
 Hahn Air Systems,DEL,GOI,07-Jun,19:55,22:30,2h 35,0,,20324
 IndiGo,DEL,GOI,07-Jun,19:35,00:25,4h 50,1, AMD,10952
 IndiGo,DEL,GOI,07-Jun,11:55,18:10,6h 15,1, BOM,8663
 IndiGo,DEL,GOI,07-Jun,12:55,19:20,6h 25,1, MAA,8663
 AirAsia India,DEL,GOI,07-Jun,18:45,00:45,6h,1, BLR,9395
 IndiGo,DEL,GOI,07-Jun,06:30,12:40,6h 10,1, BOM,9244
 IndiGo,DEL,GOI,07-Jun,23:35,06:15,6h 40,1, BOM,8663
 Air India,DEL,GOI,07-Jun,10:00,14:35,4h 35,1, BOM,12926
 IndiGo,DEL,GOI,07-Jun,15:00,21:30,6h 30,1, HYD,9235
 AirAsia India,DEL,GOI,07-Jun,08:10,14:45,6h 35,1, BLR,9158
 IndiGo,DEL,GOI,07-Jun,19:30,01:20,5h 50,1, HYD,10511
 IndiGo,DEL,GOI,07-Jun,05:30,12:40,7h 10,1, BOM,8825
 IndiGo,DEL,GOI,07-Jun,17:00,23:20,6h 20,1, BOM,10086
 IndiGo,DEL,GOI,07-Jun,08:20,14:10,5h 50,1, BLR,11078
 GoAir,DEL,GOI,07-Jun,09:00,16:40,7h 40,1, BOM,8743
 IndiGo,DEL,GOI,07-Jun,06:55,14:10,7h 15,1, BLR,9466
 IndiGo,DEL,GOI,07-Jun,09:50,14:45,4h 55,1, AMD,14121
 SpiceJet,DEL,GOI,07-Jun,19:45,03:15,7h 30,1, BOM,9393
 IndiGo,DEL,GOI,07-Jun,09:35,15:15,5h 40,1, BOM,12586
 IndiGo,DEL,GOI,07-Jun,15:25,23:20,7h 55,1, BOM,9652
 Vistara,DEL,GOI,07-Jun,07:30,12:45,5h 15,1, BOM,14588
 Vistara,DEL,GOI,07-Jun,09:05,14:05,5h,1, BLR,15392
 AirAsia India,DEL,GOI,07-Jun,13:00,22:00,9h,1, BOM,8630
 SpiceJet,DEL,GOI,07-Jun,18:55,03:15,8h 20,1, BOM,9393
 IndiGo,DEL,GOI,07-Jun,09:55,17:35,7h 40,1, HYD,10244
 IndiGo,DEL,GOI,07-Jun,07:55,14:00,6h 05,1, HYD,12920
 GoAir,DEL,GOI,07-Jun,15:45,23:30,7h 45,1, BOM,10177
 IndiGo,DEL,GOI,07-Jun,05:50,14:10,8h 20,1, BLR,9652
 IndiGo,DEL,GOI,07-Jun,21:45,06:15,8h 30,1, BOM,9652
 IndiGo,DEL,GOI,07-Jun,09:35,18:10,8h 35,1, BOM,9652
 AirAsia India,DEL,GOI,07-Jun,21:40,06:40,9h,1, BLR,9395
 GoAir,DEL,GOI,07-Jun,22:45,06:10,7h 25,1, BOM,11439
 IndiGo,DEL,GOI,07-Jun,17:55,01:10,7h 15,1, PNQ,12250
 Vistara,DEL,GOI,07-Jun,06:00,12:45,6h 45,1, BOM,13519
 Vistara,DEL,GOI,07-Jun,08:05,14:05,6h,1, BLR,15545
 Air India,DEL,GOI,07-Jun,15:05,22:20,7h 15,2," IDR, BOM",13006
 Vistara,DEL,GOI,07-Jun,06:15,14:05,7h 50,1, BLR,12661
 Air India,DEL,GOI,07-Jun,14:00,22:20,8h 20,1, BOM,12926
 AirAsia India,DEL,GOI,07-Jun,04:25,17:15,12h 50,1, BOM,8867
 Air India,DEL,GOI,07-Jun,21:15,06:20,9h 05,1, BOM,12926
 SpiceJet,DEL,GOI,07-Jun,17:10,07:20,14h 10,1, AMD,8893
 GoAir,DEL,GOI,07-Jun,06:05,20:35,14h 30,1, AMD,8743
 SpiceJet,DEL,GOI,07-Jun,06:05,21:25,15h 20,1, BLR,8447
 SpiceJet,DEL,GOI,07-Jun,21:55,07:45,9h 50,1, HYD,13224
 GoAir,DEL,GOI,07-Jun,05:50,16:55,11h 05,1, BLR,12688
 AirAsia India,DEL,GOI,07-Jun,06:05,14:45,8h 40,2," VTZ, BLR",16590
 Vistara,DEL,GOI,07-Jun,06:00,14:05,8h 05,2," BOM, BLR",18127
 IndiGo,DEL,GOI,07-Jun,17:15,01:10,7h 55,2," IXC, PNQ",18881
 AirAsia India,DEL,GOI,07-Jun,09:35,18:00,8h 25,2," BLR, HYD",17999
 Air India,DEL,GOI,07-Jun,05:15,14:35,9h 20,2," NAG, BOM",16920
 Air India,DEL,GOI,07-Jun,17:55,06:20,12h 25,2," IXU, BOM",13006
 Hahn Air Systems,DEL,GOI,07-Jun,07:20,12:55,5h 35,1, BOM,35429
 AirAsia India,DEL,GOI,07-Jun,08:10,18:00,9h 50,2," BLR, HYD",21395
 AirAsia India,DEL,GOI,07-Jun,08:10,19:25,11h 15,2," BLR, HYD",21114
 Vistara,DEL,GOI,07-Jun,21:20,12:45,15h 25,2," AMD, BOM",16687
 Air India,DEL,GOI,07-Jun,21:15,14:35,17h 20,2," ATQ, BOM",16197
 Air India,DEL,GOI,07-Jun,12:50,22:20,9h 30,2," RAJ, BOM",30091
 SpiceJet,DEL,GOI,07-Jun,17:05,13:10,20h 05,1, PNQ,14978
 Vistara,DEL,GOI,07-Jun,21:30,12:45,15h 15,1, BOM,20135
 SpiceJet,DEL,GOI,07-Jun,05:45,18:15,12h 30,1, RAJ,25382
 Vistara,DEL,GOI,07-Jun,18:55,12:45,17h 50,1, BOM,19092
 Vistara,DEL,GOI,07-Jun,19:45,12:45,17h,1, BOM,20135
 Hahn Air Systems,DEL,GOI,07-Jun,21:55,07:45,9h 50,1, HYD,36713
 Vistara,DEL,GOI,07-Jun,20:40,14:05,17h 25,1, BLR,20761
 Vistara,DEL,GOI,07-Jun,17:45,12:45,19h,1, BOM,19092
 Vistara,DEL,GOI,07-Jun,16:45,12:45,20h,1, BOM,19092
 Air India,DEL,GOI,07-Jun,21:15,22:20,25h 05,2," ATQ, BOM",15229
 Vistara,DEL,GOI,07-Jun,15:30,12:45,21h 15,1, BOM,19092
 SpiceJet,DEL,GOI,07-Jun,17:35,18:15,24h 40,1, RAJ,18198
 Vistara,DEL,GOI,07-Jun,14:20,12:45,22h 25,1, BOM,20135
 Vistara,DEL,GOI,07-Jun,12:50,12:45,23h 55,1, BOM,19092
 Air India,DEL,GOI,07-Jun,16:50,06:20,13h 30,2," HYD, BOM",34537
 Vistara,DEL,GOI,07-Jun,11:40,12:45,25h 05,1, BOM,19614
 Hahn Air Systems,DEL,GOI,07-Jun,17:10,07:20,14h 10,1, AMD,35009
 Vistara,DEL,GOI,07-Jun,10:20,12:45,26h 25,1, BOM,19092
 Vistara,DEL,GOI,07-Jun,09:30,12:45,27h 15,1, BOM,19614
 Hahn Air Systems,DEL,GOI,07-Jun,06:05,21:25,15h 20,1, BLR,37045
 Hahn Air Systems,DEL,GOI,07-Jun,05:45,18:15,12h 30,1, RAJ,48993
 Hahn Air Systems,DEL,GOI,07-Jun,17:05,13:10,20h 05,1, PNQ,37045
 Hahn Air Systems,DEL,GOI,07-Jun,06:25,17:05,10h 40,2," SXR, BOM",75427
 Vistara,DEL,GOI,07-Jun,20:40,12:45,16h 05,2," BLR, BOM",54641
 Hahn Air Systems,DEL,GOI,07-Jun,09:20,21:25,12h 05,2," PNQ, BLR",76964
 Hahn Air Systems,DEL,GOI,07-Jun,17:35,18:15,24h 40,1, RAJ,39543
 Qatar Airways,DEL,GOI,07-Jun,04:10,01:55,21h 45,1, DOH,58384
 Qatar Airways,DEL,GOI,07-Jun,03:25,01:55,22h 30,1, DOH,74854
 Qatar Airways,DEL,GOI,07-Jun,22:00,01:55,27h 55,1, DOH,60479
Qatar Airways,DEL,GOI,07-Jun,21:30,01:55,28h 25,2," BOM, DOH",70165
 Vistara,RPR,DEL,07-Jun,20:20,22:00,1h 40,0,,6217
 Air India,RPR,DEL,07-Jun,07:45,09:25,1h 40,0,,6942
 IndiGo,RPR,DEL,07-Jun,14:20,15:55,1h 35,0,,7742
 IndiGo,RPR,DEL,07-Jun,17:40,19:25,1h 45,0,,7111
 IndiGo,RPR,DEL,07-Jun,09:10,11:05,1h 55,0,,7111
 IndiGo,RPR,DEL,07-Jun,21:15,23:05,1h 50,0,,7111
 Vistara,RPR,DEL,07-Jun,08:55,10:50,1h 55,0,,8406
 IndiGo,RPR,DEL,07-Jun,08:15,14:05,5h 50,1, IXD,9017
 IndiGo,RPR,DEL,07-Jun,18:50,00:05,5h 15,1, IDR,13251
 IndiGo,RPR,DEL,07-Jun,19:55,01:20,5h 25,1, BBI,13516
 Air India,RPR,DEL,07-Jun,12:25,20:10,7h 45,2," VTZ, BOM",13218
 Air India,RPR,DEL,07-Jun,12:25,20:20,7h 55,1, VTZ,13218
 Air India,RPR,DEL,07-Jun,12:25,23:20,10h 55,3," VTZ, BOM, AMD",13106
 IndiGo,RPR,DEL,07-Jun,10:40,21:15,10h 35,1, IDR,13251
 IndiGo,RPR,DEL,07-Jun,08:15,21:25,13h 10,2," IXD, LKO",18834
 IndiGo,RPR,DEL,07-Jun,14:45,08:05,17h 20,2," BOM, IXC",23079
 Vistara,RPR,DEL,07-Jun,14:45,16:30,25h 45,2," BOM, IXC",24587
 IndiGo,RPR,DEL,07-Jun,14:45,22:25,31h 40,3," BOM, IXC, BLR",43098
 IndiGo ,RPR,DEL,07-Jun,08:15,10:20,26h 05,2," IXD, LKO",24982
 Vistara,DEL,RPR,07-Jun,06:40,08:20,1h 40,0,,5817
 IndiGo,DEL,RPR,07-Jun,19:00,20:45,1h 45,0,,6529
 Air India,DEL,RPR,07-Jun,05:20,07:10,1h 50,0,,6506
 IndiGo,DEL,RPR,07-Jun,06:50,08:40,1h 50,0,,6529
 IndiGo,DEL,RPR,07-Jun,15:15,17:10,1h 55,0,,6529
 IndiGo,DEL,RPR,07-Jun,11:55,13:45,1h 50,0,,7804
 Vistara,DEL,RPR,07-Jun,18:00,19:45,1h 45,0,,7713
 Air India,DEL,RPR,07-Jun,07:00,11:45,4h 45,1, BOM,13483
 IndiGo,DEL,RPR,07-Jun,05:45,16:30,10h 45,1, BHO,10514
 IndiGo,DEL,RPR,07-Jun,09:35,19:25,9h 50,1, BBI,10779
 IndiGo,DEL,RPR,07-Jun,10:40,18:25,7h 45,1, IXD,13584
 IndiGo,DEL,RPR,07-Jun,21:05,10:45,13h 40,2," JAI, HYD",10857
 SpiceJet,DEL,RPR,07-Jun,20:00,10:45,14h 45,2," JAI, HYD",10773
 IndiGo,DEL,RPR,07-Jun,23:35,07:25,7h 50,1, BOM,18741
 Air India ,DEL,RPR,07-Jun,21:15,07:25,10h 10,1, BOM,18070
 AirAsia India ,DEL,RPR,07-Jun,22:20,10:45,12h 25,2," JAI, HYD",11182
 IndiGo,DEL,RPR,07-Jun,22:15,10:25,12h 10,1, AMD,15062
 Air India,DEL,RPR,07-Jun,22:00,11:45,13h 45,2," GOI, BOM",20030
 IndiGo,DEL,RPR,07-Jun,10:10,18:55,8h 45,1, IDR,15824
 Air India,DEL,RPR,07-Jun,17:55,11:45,17h 50,2," IXU, BOM",15197
 Air India,DEL,RPR,07-Jun,15:05,11:45,20h 40,2," IDR, BOM",14535
 Air India,DEL,RPR,07-Jun,22:00,11:45,37h 45,2," GOI, BOM",19491
 GoAir,BOM,DEL,07-Jun,18:00,20:05,2h 05,0,,5360
 GoAir,BOM,DEL,07-Jun,05:55,08:00,2h 05,0,,5360
 GoAir,BOM,DEL,07-Jun,08:35,10:45,2h 10,0,,5360
 GoAir,BOM,DEL,07-Jun,13:50,16:00,2h 10,0,,5360
 GoAir,BOM,DEL,07-Jun,00:10,02:20,2h 10,0,,5360
 GoAir,BOM,DEL,07-Jun,10:55,13:10,2h 15,0,,5360
 GoAir,BOM,DEL,07-Jun,15:20,17:35,2h 15,0,,5360
 GoAir,BOM,DEL,07-Jun,20:40,22:55,2h 15,0,,5360
 GoAir,BOM,DEL,07-Jun,21:50,00:05,2h 15,0,,5360
 GoAir,BOM,DEL,07-Jun,22:30,00:50,2h 20,0,,5360
 IndiGo,BOM,DEL,07-Jun,02:40,04:35,1h 55,0,,6753
 AirAsia India,BOM,DEL,07-Jun,19:45,21:45,2h,0,,6648
 Vistara,BOM,DEL,07-Jun,06:30,08:35,2h 05,0,,6917
 Vistara,BOM,DEL,07-Jun,06:00,08:05,2h 05,0,,6917
 SpiceJet,BOM,DEL,07-Jun,07:20,09:35,2h 15,0,,6676
 IndiGo,BOM,DEL,07-Jun,07:00,09:05,2h 05,0,,7142
 Vistara,BOM,DEL,07-Jun,22:45,00:55,2h 10,0,,6917
 IndiGo,BOM,DEL,07-Jun,08:30,10:40,2h 10,0,,7142
 IndiGo,BOM,DEL,07-Jun,14:35,16:35,2h,0,,7142
 IndiGo,BOM,DEL,07-Jun,23:30,01:40,2h 10,0,,6753
 IndiGo,BOM,DEL,07-Jun,06:05,08:15,2h 10,0,,7142
 IndiGo,BOM,DEL,07-Jun,12:05,14:10,2h 05,0,,7142
 IndiGo,BOM,DEL,07-Jun,12:40,14:45,2h 05,0,,7142
 IndiGo,BOM,DEL,07-Jun,18:35,20:45,2h 10,0,,7142
 IndiGo,BOM,DEL,07-Jun,19:30,21:40,2h 10,0,,7142
 IndiGo,BOM,DEL,07-Jun,10:10,12:20,2h 10,0,,7142
 Vistara,BOM,DEL,07-Jun,21:55,00:10,2h 15,0,,6917
 SpiceJet,BOM,DEL,07-Jun,16:00,18:20,2h 20,0,,6676
 Vistara,BOM,DEL,07-Jun,11:55,14:05,2h 10,0,,7228
 IndiGo,BOM,DEL,07-Jun,07:45,10:00,2h 15,0,,7142
 IndiGo,BOM,DEL,07-Jun,17:10,19:25,2h 15,0,,7142
 IndiGo,BOM,DEL,07-Jun,15:55,18:10,2h 15,0,,7142
 IndiGo,BOM,DEL,07-Jun,09:25,11:40,2h 15,0,,7142
 Air India,BOM,DEL,07-Jun,07:00,09:05,2h 05,0,,7736
 SpiceJet,BOM,DEL,07-Jun,00:35,03:00,2h 25,0,,6676
 SpiceJet,BOM,DEL,07-Jun,19:35,22:00,2h 25,0,,6676
 Vistara,BOM,DEL,07-Jun,14:40,16:55,2h 15,0,,7228
 Vistara,BOM,DEL,07-Jun,10:25,12:40,2h 15,0,,7250
 IndiGo,BOM,DEL,07-Jun,20:35,22:55,2h 20,0,,7142
 Vistara,BOM,DEL,07-Jun,12:25,14:30,2h 05,0,,8025
 Air India,BOM,DEL,07-Jun,18:00,20:10,2h 10,0,,7736
 Vistara,BOM,DEL,07-Jun,15:45,18:05,2h 20,0,,7228
 Air India,BOM,DEL,07-Jun,13:00,15:15,2h 15,0,,7736
 Air India,BOM,DEL,07-Jun,08:00,10:15,2h 15,0,,7736
 Vistara,BOM,DEL,07-Jun,19:45,21:55,2h 10,0,,8025
 Air India,BOM,DEL,07-Jun,19:00,21:15,2h 15,0,,7736
 Vistara,BOM,DEL,07-Jun,20:55,23:00,2h 05,0,,8535
 Air India,BOM,DEL,07-Jun,16:00,18:20,2h 20,0,,7736
 Air India,BOM,DEL,07-Jun,10:00,12:20,2h 20,0,,7736
 Vistara,BOM,DEL,07-Jun,18:30,20:40,2h 10,0,,8535
 Vistara,BOM,DEL,07-Jun,17:35,19:45,2h 10,0,,8662
 Vistara,BOM,DEL,07-Jun,08:45,11:00,2h 15,0,,8535
 Vistara,BOM,DEL,07-Jun,07:30,09:40,2h 10,0,,9044
 Novaturas,BOM,DEL,07-Jun,05:55,08:00,2h 05,0,,10704
 Novaturas,BOM,DEL,07-Jun,18:00,20:05,2h 05,0,,10704
 Novaturas,BOM,DEL,07-Jun,13:50,16:00,2h 10,0,,10704
 Novaturas,BOM,DEL,07-Jun,00:10,02:20,2h 10,0,,10704
 Novaturas,BOM,DEL,07-Jun,08:35,10:45,2h 10,0,,10704
 Novaturas,BOM,DEL,07-Jun,11:00,13:10,2h 10,0,,10704
 Novaturas,BOM,DEL,07-Jun,21:50,00:05,2h 15,0,,10704
 Novaturas,BOM,DEL,07-Jun,15:20,17:35,2h 15,0,,10704
 Novaturas,BOM,DEL,07-Jun,20:40,22:55,2h 15,0,,10704
 Air India,BOM,DEL,07-Jun,15:25,19:10,3h 45,1, IXU,7736
 Air India,BOM,DEL,07-Jun,07:20,11:10,3h 50,1, IDR,7736
 Vistara,BOM,DEL,07-Jun,06:35,10:15,3h 40,1, AMD,8365
 IndiGo,BOM,DEL,07-Jun,17:50,21:35,3h 45,1, UDR,9724
 IndiGo,BOM,DEL,07-Jun,17:20,21:55,4h 35,1, JAI,8931
 GoAir,BOM,DEL,07-Jun,10:50,16:15,5h 25,1, IXJ,7732
 SpiceJet,BOM,DEL,07-Jun,15:35,21:10,5h 35,1, GOI,7620
 IndiGo,BOM,DEL,07-Jun,16:55,20:55,4h,1, AMD,10792
 IndiGo,BOM,DEL,07-Jun,18:55,23:15,4h 20,1, AMD,10988
 SpiceJet,BOM,DEL,07-Jun,12:10,18:25,6h 15,1, DBR,7620
 IndiGo,BOM,DEL,07-Jun,12:40,17:15,4h 35,1, AMD,10792
 SpiceJet,BOM,DEL,07-Jun,06:05,12:45,6h 40,1, JAI,7620
 GoAir,BOM,DEL,07-Jun,12:50,19:25,6h 35,1, VNS,7732
 IndiGo,BOM,DEL,07-Jun,17:45,22:40,4h 55,1, BDQ,10545
 SpiceJet,BOM,DEL,07-Jun,06:45,13:35,6h 50,1, SXR,7620
 Vistara,BOM,DEL,07-Jun,12:15,16:45,4h 30,1, UDR,11612
 GoAir,BOM,DEL,07-Jun,19:10,00:10,5h,1, AMD,10463
 IndiGo,BOM,DEL,07-Jun,00:35,05:50,5h 15,1, AMD,10204
 IndiGo,BOM,DEL,07-Jun,17:20,23:25,6h 05,1, JAI,8848
 SpiceJet,BOM,DEL,07-Jun,11:50,19:00,7h 10,1, KQH,7620
 Air India,BOM,DEL,07-Jun,18:35,23:20,4h 45,1, AMD,11510
 AirAsia India,BOM,DEL,07-Jun,18:10,01:20,7h 10,1, BLR,7639
 SpiceJet,BOM,DEL,07-Jun,05:50,13:10,7h 20,1, GOP,7620
 GoAir,BOM,DEL,07-Jun,16:20,23:55,7h 35,1, LKO,7732
 Vistara,BOM,DEL,07-Jun,12:10,16:20,4h 10,1, DED,15059
 IndiGo,BOM,DEL,07-Jun,08:00,15:20,7h 20,1, JAI,8848
 IndiGo,BOM,DEL,07-Jun,09:40,15:10,5h 30,1, NAG,11862
 SpiceJet,BOM,DEL,07-Jun,06:35,15:35,9h,1, DBR,7620
 Vistara,BOM,DEL,07-Jun,22:35,08:20,9h 45,1, AMD,7042
 SpiceJet,BOM,DEL,07-Jun,14:25,23:30,9h 05,1, PAT,7620
 GoAir,BOM,DEL,07-Jun,10:50,19:45,8h 55,2," IXJ, SXR",7892
 IndiGo,BOM,DEL,07-Jun,15:00,21:15,6h 15,1, IDR,11340
 Vistara,BOM,DEL,07-Jun,10:45,15:40,4h 55,1, HYD,14455
 AirAsia India,BOM,DEL,07-Jun,15:25,01:00,9h 35,1, JAI,7639
 IndiGo,BOM,DEL,07-Jun,06:35,14:10,7h 35,1, UDR,9724
 IndiGo,BOM,DEL,07-Jun,22:55,07:40,8h 45,1, JAI,8630
 IndiGo,BOM,DEL,07-Jun,06:25,13:35,7h 10,1, AMD,10792
 GoAir,BOM,DEL,07-Jun,11:55,21:55,10h,1, PAT,7892
 IndiGo,BOM,DEL,07-Jun,18:15,01:00,6h 45,1, NAG,11861
 Vistara,BOM,DEL,07-Jun,06:20,12:30,6h 10,1, HYD,13133
 Vistara,BOM,DEL,07-Jun,11:25,17:05,5h 40,1, GOI,14671
 Vistara,BOM,DEL,07-Jun,16:30,22:25,5h 55,1, BLR,14107
 Vistara,BOM,DEL,07-Jun,09:05,14:10,5h 05,1, BLR,16472
 Vistara,BOM,DEL,07-Jun,07:00,12:40,5h 40,1, BLR,14848
 IndiGo,BOM,DEL,07-Jun,07:15,13:45,6h 30,1, IDR,12947
 SpiceJet,BOM,DEL,07-Jun,14:55,22:15,7h 20,1, RAJ,11761
 SpiceJet,BOM,DEL,07-Jun,11:15,17:45,6h 30,1, GOI,13361
 Vistara,BOM,DEL,07-Jun,16:00,21:35,5h 35,1, BLR,15833
 Vistara,BOM,DEL,07-Jun,12:45,21:35,8h 50,1, IDR,10404
 GoAir,BOM,DEL,07-Jun,05:25,17:05,11h 40,1, CCU,7892
 Vistara,BOM,DEL,07-Jun,17:50,23:55,6h 05,1, MAA,15213
 Vistara,BOM,DEL,07-Jun,17:30,23:50,6h 20,1, BLR,14863
 Air India,BOM,DEL,07-Jun,21:00,03:55,6h 55,1, GOI,13610
 AirAsia India,BOM,DEL,07-Jun,07:50,19:55,12h 05,1, IXR,7825
 Vistara,BOM,DEL,07-Jun,20:00,08:20,12h 20,1, AMD,7741
 Air India,BOM,DEL,07-Jun,06:10,12:50,6h 40,1, BLR,14765
 GoAir,BOM,DEL,07-Jun,20:10,08:40,12h 30,1, BLR,7892
 SpiceJet,BOM,DEL,07-Jun,06:45,13:20,6h 35,1, SXR,15316
 SpiceJet,BOM,DEL,07-Jun,19:35,08:55,13h 20,1, MAA,7620
 Vistara,BOM,DEL,07-Jun,06:45,13:25,6h 40,1, MAA,15595
 Vistara,BOM,DEL,07-Jun,10:25,15:20,4h 55,1, SXR,21898
 Vistara,BOM,DEL,07-Jun,14:05,21:10,7h 05,1, CCU,15511
 GoAir,BOM,DEL,07-Jun,12:10,22:30,10h 20,1, AMD,10762
 AirAsia India,BOM,DEL,07-Jun,20:40,10:55,14h 15,1, GOI,7825
 Air India,BOM,DEL,07-Jun,06:40,13:35,6h 55,1, CCJ,16392
 Vistara,BOM,DEL,07-Jun,11:55,18:20,6h 25,1, CJB,17758
 GoAir,BOM,DEL,07-Jun,15:40,00:15,8h 35,1, BLR,13428
 GoAir,BOM,DEL,07-Jun,11:30,20:10,8h 40,1, GOI,13338
 Air India,BOM,DEL,07-Jun,16:40,00:30,7h 50,1, BLR,14765
 Air India,BOM,DEL,07-Jun,17:10,23:45,6h 35,1, COK,17586
 GoAir,BOM,DEL,07-Jun,18:20,08:20,14h,1, HYD,8399
 GoAir,BOM,DEL,07-Jun,22:30,09:40,11h 10,1, AMD,10762
 Air India,BOM,DEL,07-Jun,06:00,13:30,7h 30,1, CCU,16434
 Air India,BOM,DEL,07-Jun,05:25,13:00,7h 35,1, MAA,16434
 Vistara,BOM,DEL,07-Jun,06:00,16:30,10h 30,1, IXC,12056
 SpiceJet,BOM,DEL,07-Jun,10:05,18:35,8h 30,1, SXR,15314
 GoAir,BOM,DEL,07-Jun,21:50,08:05,10h 15,1, CCU,14850
 SpiceJet,BOM,DEL,07-Jun,10:05,20:20,10h 15,1, SXR,15194
 Air India,BOM,DEL,07-Jun,05:05,16:45,11h 40,1, GOI,13610
 Vistara,BOM,DEL,07-Jun,06:00,19:50,13h 50,1, IXC,11509
 Air India,BOM,DEL,07-Jun,20:10,08:55,12h 45,1, HYD,12770
 Air India,BOM,DEL,07-Jun,09:50,20:20,10h 30,2," RPR, VTZ",15658
 Air India,BOM,DEL,07-Jun,09:30,19:50,10h 20,1, BLR,16376
 Air India,BOM,DEL,07-Jun,12:15,23:40,11h 25,1, BBI,15351
 Vistara,BOM,DEL,07-Jun,09:45,20:00,10h 15,1, MAA,17448
 Vistara,BOM,DEL,07-Jun,21:20,09:00,11h 40,1, HYD,15868
 Vistara,BOM,DEL,07-Jun,06:35,08:20,25h 45,1, AMD,7741
 Air India,BOM,DEL,07-Jun,21:05,09:15,12h 10,1, CCU,16434
 Vistara,BOM,DEL,07-Jun,21:30,09:40,12h 10,1, BLR,16918
 Vistara,BOM,DEL,07-Jun,21:00,09:55,12h 55,1, MAA,15961
 Vistara,BOM,DEL,07-Jun,19:20,09:00,13h 40,1, HYD,15133
 Air India,BOM,DEL,07-Jun,06:00,20:55,14h 55,1, PAT,15399
 SriLankan Airlines,BOM,DEL,07-Jun,20:40,04:15,7h 35,1, CMB,31079
 Vistara,BOM,DEL,07-Jun,21:30,14:10,16h 40,1, BLR,14963
 Vistara,BOM,DEL,07-Jun,06:45,23:55,17h 10,1, MAA,14809
 Air India,BOM,DEL,07-Jun,05:55,00:15,18h 20,1, ATQ,14200
 Vistara,BOM,DEL,07-Jun,17:20,09:35,16h 15,1, CCU,16288
 Vistara,BOM,DEL,07-Jun,18:15,15:15,21h,1, BBI,14755
 Air India,BOM,DEL,07-Jun,09:50,09:25,23h 35,1, RPR,13255
 Vistara,BOM,DEL,07-Jun,18:15,11:55,17h 40,1, BBI,17905
 Air India,BOM,DEL,07-Jun,16:35,17:20,24h 45,1, RAJ,12842
 Vistara,BOM,DEL,07-Jun,17:00,19:50,26h 50,1, IXC,12299
 Emirates,BOM,DEL,07-Jun,04:30,14:45,10h 15,1, DXB,32664
 Vistara,BOM,DEL,07-Jun,13:20,16:50,27h 30,1, VNS,13621
 Vistara,BOM,DEL,07-Jun,18:15,22:55,28h 40,1, BBI,14053
 Air India,BOM,DEL,07-Jun,11:15,10:20,23h 05,1, LKO,19431
 Air India,BOM,DEL,07-Jun,17:20,20:45,27h 25,1, TRV,19227
 Singapore Airlines,BOM,DEL,07-Jun,11:45,05:40,17h 55,1, SIN,51877
 Singapore Airlines,BOM,DEL,07-Jun,23:40,20:10,20h 30,1, SIN,55657
 GoAir,DEL,CCU,07-Jun,05:45,07:50,2h 05,0,,6000
 Vistara,DEL,CCU,07-Jun,17:30,19:35,2h 05,0,,7541
 Vistara,DEL,CCU,07-Jun,20:30,22:45,2h 15,0,,7010
 SpiceJet,DEL,CCU,07-Jun,07:05,09:05,2h,0,,6963
 GoAir,DEL,CCU,07-Jun,21:40,23:55,2h 15,0,,6744
 Vistara,DEL,CCU,07-Jun,06:15,08:20,2h 05,0,,7010
 GoAir,DEL,CCU,07-Jun,21:25,23:40,2h 15,0,,6900
 IndiGo,DEL,CCU,07-Jun,18:40,20:45,2h 05,0,,7804
 IndiGo,DEL,CCU,07-Jun,22:20,00:15,1h 55,0,,7804
 IndiGo,DEL,CCU,07-Jun,17:35,19:40,2h 05,0,,7804
 IndiGo,DEL,CCU,07-Jun,15:20,17:25,2h 05,0,,7804
 SpiceJet,DEL,CCU,07-Jun,19:30,21:55,2h 25,0,,6963
 Air India,DEL,CCU,07-Jun,20:15,22:25,2h 10,0,,7748
 Vistara,DEL,CCU,07-Jun,07:30,09:35,2h 05,0,,7587
 IndiGo,DEL,CCU,07-Jun,12:25,14:30,2h 05,0,,7804
 IndiGo,DEL,CCU,07-Jun,06:05,07:50,1h 45,0,,7804
 Air India,DEL,CCU,07-Jun,06:50,09:00,2h 10,0,,7748
 IndiGo,DEL,CCU,07-Jun,08:40,10:45,2h 05,0,,7804
 IndiGo,DEL,CCU,07-Jun,07:10,09:20,2h 10,0,,7804
 SpiceJet,DEL,CCU,07-Jun,18:35,20:50,2h 15,0,,8163
 IndiGo,DEL,CCU,07-Jun,20:00,22:05,2h 05,0,,8547
 IndiGo,DEL,CCU,07-Jun,03:00,05:05,2h 05,0,,7804
 AirAsia India,DEL,CCU,07-Jun,20:40,23:00,2h 20,0,,7681
 Vistara,DEL,CCU,07-Jun,15:55,18:05,2h 10,0,,9041
 IndiGo,DEL,CCU,07-Jun,09:55,12:05,2h 10,0,,10035
 Novaturas,DEL,CCU,07-Jun,21:40,23:55,2h 15,0,,10771
 IndiGo,DEL,CCU,07-Jun,13:25,17:30,4h 05,1, PAT,7804
 Air India,DEL,CCU,07-Jun,16:45,19:10,2h 25,0,,15204
 Hahn Air Systems,DEL,CCU,07-Jun,07:05,09:05,2h,0,,18954
 IndiGo,DEL,CCU,07-Jun,16:20,21:35,5h 15,1, IXR,7804
 IndiGo,DEL,CCU,07-Jun,10:15,15:30,5h 15,1, IXR,7804
 IndiGo,DEL,CCU,07-Jun,07:20,12:30,5h 10,1, JAI,8192
 Hahn Air Systems,DEL,CCU,07-Jun,18:35,20:50,2h 15,0,,18954
 IndiGo,DEL,CCU,07-Jun,12:25,17:30,5h 05,1, PAT,8404
 IndiGo,DEL,CCU,07-Jun,12:45,18:15,5h 30,1, LKO,7804
 IndiGo,DEL,CCU,07-Jun,05:30,11:25,5h 55,1, LKO,7544
 GoAir,DEL,CCU,07-Jun,10:15,16:05,5h 50,1, PNQ,7743
 Hahn Air Systems,DEL,CCU,07-Jun,19:30,21:55,2h 25,0,,18954
 GoAir,DEL,CCU,07-Jun,17:45,00:30,6h 45,1, BOM,7743
 IndiGo,DEL,CCU,07-Jun,14:00,19:05,5h 05,1, GOP,10519
 IndiGo,DEL,CCU,07-Jun,10:30,17:25,6h 55,1, VNS,7804
 IndiGo,DEL,CCU,07-Jun,15:15,22:40,7h 25,1, RPR,7804
 IndiGo,DEL,CCU,07-Jun,13:00,20:10,7h 10,1, JAI,8192
 IndiGo,DEL,CCU,07-Jun,11:55,18:30,6h 35,1, RPR,9080
 AirAsia India,DEL,CCU,07-Jun,10:05,14:50,4h 45,1, IXB,14427
 IndiGo,DEL,CCU,07-Jun,09:20,17:30,8h 10,1, PAT,8404
 GoAir,DEL,CCU,07-Jun,18:30,00:30,6h,1, BOM,13672
 IndiGo,DEL,CCU,07-Jun,07:30,13:15,5h 45,1, IXB,14397
 SpiceJet,DEL,CCU,07-Jun,21:40,08:55,11h 15,1, BOM,7743
 SpiceJet,DEL,CCU,07-Jun,11:55,20:45,8h 50,1, JRG,10390
 Vistara,DEL,CCU,07-Jun,14:20,19:55,5h 35,1, BOM,16469
 SpiceJet,DEL,CCU,07-Jun,08:45,20:50,12h 05,1, MAA,7743
 IndiGo,DEL,CCU,07-Jun,08:25,19:05,10h 40,1, GOP,8968
 GoAir,DEL,CCU,07-Jun,12:20,19:35,7h 15,1, GAU,13519
 SpiceJet,DEL,CCU,07-Jun,10:20,17:15,6h 55,1, GAU,14244
 IndiGo,DEL,CCU,07-Jun,07:55,18:15,10h 20,1, LKO,9554
 Vistara,DEL,CCU,07-Jun,10:20,16:55,6h 35,1, BOM,15570
 AirAsia India,DEL,CCU,07-Jun,07:10,16:05,8h 55,2," GAU, IMF",11581
 SpiceJet,DEL,CCU,07-Jun,06:05,20:00,13h 55,1, BLR,7743
 SpiceJet,DEL,CCU,07-Jun,19:45,08:55,13h 10,1, BOM,8553
 Vistara,DEL,CCU,07-Jun,12:50,19:55,7h 05,1, BOM,16067
 SpiceJet,DEL,CCU,07-Jun,18:25,09:15,14h 50,1, MAA,7743
 Vistara,DEL,CCU,07-Jun,08:50,16:55,8h 05,1, BOM,14381
 SpiceJet,DEL,CCU,07-Jun,13:05,18:10,5h 05,1, IXB,23036
 Vistara,DEL,CCU,07-Jun,09:30,16:55,7h 25,1, BOM,16589
 SpiceJet,DEL,CCU,07-Jun,06:30,13:10,6h 40,1, IXB,18759
 SpiceJet,DEL,CCU,07-Jun,07:20,23:35,16h 15,1, BOM,7743
 Vistara,DEL,CCU,07-Jun,11:40,19:55,8h 15,1, BOM,16589
 GoAir,DEL,CCU,07-Jun,22:45,08:30,9h 45,1, BOM,14171
 Air India,DEL,CCU,07-Jun,15:05,23:50,8h 45,2," IDR, BOM",17208
 Vistara,DEL,CCU,07-Jun,07:30,16:55,9h 25,1, BOM,16589
 Air India,DEL,CCU,07-Jun,14:00,23:50,9h 50,1, BOM,16037
 GoAir,DEL,CCU,07-Jun,20:05,08:35,12h 30,1, AMD,12947
 Vistara,DEL,CCU,07-Jun,06:00,16:55,10h 55,1, BOM,14954
 AirAsia India,DEL,CCU,07-Jun,15:30,02:55,11h 25,1, PNQ,14782
 GoAir,DEL,CCU,07-Jun,20:55,07:45,10h 50,1, HYD,16943
 GoAir,DEL,CCU,07-Jun,06:00,16:00,10h,1, IXB,18372
 GoAir,DEL,CCU,07-Jun,20:30,09:45,13h 15,1, BLR,13916
 Air India,DEL,CCU,07-Jun,21:15,08:50,11h 35,1, BOM,16037
 Air India,DEL,CCU,07-Jun,21:30,08:15,10h 45,1, HYD,17380
 Vistara,DEL,CCU,07-Jun,21:30,09:40,12h 10,1, BOM,15452
 Vistara,DEL,CCU,07-Jun,21:20,09:40,12h 20,2," AMD, BOM",16610
 Air India,DEL,CCU,07-Jun,20:40,10:40,14h,1, MAA,14987
 Air India,DEL,CCU,07-Jun,09:30,15:25,5h 55,1, GAU,35632
 Air India,DEL,CCU,07-Jun,05:15,22:00,16h 45,1, STV,13379
 Vistara,DEL,CCU,07-Jun,05:55,19:55,14h,2," IDR, BOM",16221
 Vistara,DEL,CCU,07-Jun,06:15,16:55,10h 40,2," BLR, BOM",21838
 Air India,DEL,CCU,07-Jun,17:55,08:50,14h 55,2," IXU, BOM",16183
 Vistara,DEL,CCU,07-Jun,20:40,09:40,13h,1, BOM,18960
 Hahn Air Systems,DEL,CCU,07-Jun,10:20,17:15,6h 55,1, GAU,37098
 Vistara,DEL,CCU,07-Jun,17:45,09:40,15h 55,1, BOM,16589
 Vistara,DEL,CCU,07-Jun,16:45,09:40,16h 55,1, BOM,16067
 Hahn Air Systems,DEL,CCU,07-Jun,06:30,13:10,6h 40,1, IXB,41580
 Vistara,DEL,CCU,07-Jun,07:05,19:55,12h 50,2," HYD, BOM",21642
 Vistara,DEL,CCU,07-Jun,15:30,09:40,18h 10,1, BOM,16067
 Air India,DEL,CCU,07-Jun,16:15,10:40,18h 25,1, MAA,16564
 Hahn Air Systems,DEL,CCU,07-Jun,11:55,20:45,8h 50,1, JRG,35934
 Air India,DEL,CCU,07-Jun,09:45,08:15,22h 30,1, HYD,17402
 Air India,DEL,CCU,07-Jun,07:10,08:15,25h 05,1, HYD,15724
 Air India,DEL,CCU,07-Jun,21:15,23:50,26h 35,2," ATQ, BOM",15108
 Hahn Air Systems,DEL,CCU,07-Jun,21:40,08:55,11h 15,1, BOM,38883
 SpiceJet,DEL,CCU,07-Jun,13:05,13:10,24h 05,1, IXB,18626
 Emirates,DEL,CCU,07-Jun,16:15,08:15,16h,1, DXB,33349
 Air India,DEL,CCU,07-Jun,05:30,10:40,29h 10,2," VTZ, IXZ",20149
 Hahn Air Systems,DEL,CCU,07-Jun,11:05,20:00,8h 55,2," JAI, GAU",75390
 Hahn Air Systems,DEL,CCU,07-Jun,08:45,20:50,12h 05,1, MAA,59513
 Air India,DEL,CCU,07-Jun,15:05,08:15,17h 10,3," IDR, BOM, HYD",44310
 Hahn Air Systems,DEL,CCU,07-Jun,09:35,20:00,10h 25,2," PAT, GAU",73446
 Air India,DEL,CCU,07-Jun,14:00,08:15,18h 15,2," BOM, HYD",43302
 Vistara,DEL,CCU,07-Jun,17:35,09:40,16h 05,2," BLR, BOM",49196
 Hahn Air Systems,DEL,CCU,07-Jun,06:25,17:15,10h 50,2," VNS, GAU",76363
 Hahn Air Systems,DEL,CCU,07-Jun,06:05,20:00,13h 55,1, BLR,59513
 Hahn Air Systems,DEL,CCU,07-Jun,18:25,09:15,14h 50,1, MAA,59513
 Hahn Air Systems,DEL,CCU,07-Jun,12:05,23:35,11h 30,2," GOI, BOM",78335
 Air India,DEL,CCU,07-Jun,09:30,13:40,28h 10,2," GAU, IMF",33002
 Hahn Air Systems,DEL,CCU,07-Jun,07:20,23:35,16h 15,1, BOM,60537
 Hahn Air Systems,DEL,CCU,07-Jun,13:05,13:10,24h 05,1, IXB,40950
 Singapore Airlines,DEL,CCU,07-Jun,09:00,22:35,13h 35,1, SIN,99433
 Hahn Air Systems,DEL,CCU,07-Jun,05:45,23:35,17h 50,2," RAJ, BOM",76868
 Singapore Airlines,DEL,CCU,07-Jun,21:55,22:35,24h 40,1, SIN,66095
